Trend,School_Name,City,Current_rank,Overall_last,dummy_1,dummy_2,dummy_3
St,Michaels,Choir,Toronto,9.4,n/a,,
Abbey,Park,Oakville,9.2,n/a,,,
St,Robert,Thornhill,9.2,n/a,,,
Colonel,By,Gloucester,9.1,n/a,,,
St,Therese,of,Lisieux,Richmond,Hill,9.1,n/a
Ursula,Franklin,Toronto,9.1,n/a,,,
Ange-Gabriel,Brockville,9.1,n/a,,,,
Confdration,Welland,9.1,n/a,,,,
Bayview,Richmond,Hill,9,n/a,,,
St,Josephs,Renfrew,9,n/a,,,
London,Central,London,8.9,n/a,,,
Markville,Markham,8.9,n/a,,,,
Oakville,Trafalgar,Oakville,8.9,n/a,,,
St,Michael,Kemptville,8.9,n/a,,,
Marie-Rivier,Kingston,8.9,n/a,,,,
Wali,ul,Asr,Caledon,8.9,n/a,,
Unionville,Unionville,8.8,n/a,,,,
St,Augustine,Markham,8.8,n/a,,,
Pierre,Elliott,Trudeau,Markham,8.7,n/a,,
Richmond,Hill,Richmond,Hill,8.7,n/a,,
Cardinal,Carter-Arts,Toronto,8.7,n/a,,,
West,Carleton,Dunrobin,8.7,n/a,,,
Bloor,Toronto,8.7,n/a,,,,
John,Fraser,Mississauga,8.7,n/a,,,
Iroquois,Ridge,Oakville,8.6,n/a,,,
William,Lyon,Mackenzie,Toronto,8.6,n/a,,
Le,Sommet,Hawkesbury,8.6,n/a,,,
John,McCrae,Nepean,8.6,n/a,,,
St,Marcellinus,Mississauga,8.6,n/a,,,
Etobicoke-Arts,Toronto,8.6,n/a,,,,
ISNA,Mississauga,8.6,n/a,,,,
Holy,Trinity,Kanata,8.6,n/a,,,
De,La,Salle,Ottawa,8.5,n/a,,
Lawrence,Park,Toronto,8.5,n/a,,,
North,Toronto,Toronto,8.5,n/a,,,
Elmira,Elmira,8.5,n/a,,,,
Garth,Webb,Oakville,8.5,n/a,,,
The,Woodlands,Mississauga,8.5,n/a,,,
Bur,Oak,Markham,8.4,n/a,,,
Leaside,Toronto,8.4,n/a,,,,
de-Lamothe-Cadillac,Windsor,8.4,n/a,,,,
Nepean,Ottawa,8.4,n/a,,,,
St,Joseph,Nepean,8.3,n/a,,,
White,Oaks,Oakville,8.3,n/a,,,
Newmarket,Newmarket,8.3,n/a,,,,
Marymount,Sudbury,8.3,n/a,,,,
Earl,Haig,Toronto,8.2,n/a,,,
Earl,of,March,Kanata,8.2,n/a,,
St,Aloysius,Gonzaga,Mississauga,8.2,n/a,,
Nelson,Burlington,8.2,n/a,,,,
E,L,Crossley,Fonthill,8.2,n/a,,
Jeanne-Lajoie,Pembroke,8.2,n/a,,,,
A,Y,Jackson,Toronto,8.2,n/a,,
Middlefield,Markham,8.1,n/a,,,,
Humberside,Toronto,8.1,n/a,,,,
Bill,Crothers,Unionville,8.1,n/a,,,
Marc-Garneau,Trenton,8.1,n/a,,,,
Erin,Erin,8.1,n/a,,,,
Aurora,Aurora,8,n/a,,,,
Westmount,Thornhill,8,n/a,,,,
Agincourt,Toronto,8,n/a,,,,
Malvern,Toronto,8,n/a,,,,
St,Anne,Tecumseh,8,n/a,,,
Thomas,A,Blakelock,Oakville,8,n/a,,
Rosedale,Heights-Arts,Toronto,8,n/a,,,
Father,Michael,McGivney,Markham,8,n/a,,
Lisgar,Ottawa,8,n/a,,,,
Centennial,Guelph,7.9,n/a,,,,
Forest,Hill,Toronto,7.9,n/a,,,
Vincent,Massey,Windsor,7.9,n/a,,,
All,Saints,Kanata,7.9,n/a,,,
Thornhill,Thornhill,7.9,n/a,,,,
Father,John,Redmond,Toronto,7.9,n/a,,
St.,Thomas,Aquinas,Russell,7.9,n/a,,
Our,Lady,of,Mount,Carmel,Mississauga,7.9,n/a
John,F,Ross,Guelph,7.9,n/a,,
Lester,B,Pearson,Burlington,7.9,n/a,,
Waterloo,Waterloo,7.9,n/a,,,,
St,Thomas,of,Villanova,LaSalle,7.9,n/a,
South,Carleton,Richmond,7.9,n/a,,,
Charlottenburgh,and,Lancaster,Williamstown,7.9,n/a,,
Mother,Teresa,London,7.9,n/a,,,
Maurice-Lapointe,Kanata,7.9,n/a,,,,
St,Benedict,Sudbury,7.8,n/a,,,
Stratford,Central,Stratford,7.8,n/a,,,
Langstaff,Richmond,Hill,7.8,n/a,,,
Stephen,Lewis,Thornhill,7.8,n/a,,,
A.Y.,Jackson,Kanata,7.8,n/a,,,
Gisle-Lalonde,Orlans,7.8,n/a,,,,
Holy,Names,Windsor,7.8,n/a,,,
Northern,Sarnia,7.8,n/a,,,,
Our,Lady,of,Lourdes,Guelph,7.8,n/a,
St,Matthew,Orlans,7.8,n/a,,,
Cawthra,Park,Mississauga,7.8,n/a,,,
Lorne,Park,Mississauga,7.8,n/a,,,
Sainte-Trinit,Oakville,7.8,n/a,,,,
Richmond,Green,Richmond,Hill,7.7,n/a,,
Richview,Toronto,7.7,n/a,,,,
Sacred,Heart,Stittsville,7.7,n/a,,,
Dr,Norman,Bethune,Toronto,7.7,n/a,,
Longfields,Davidson,Heights,Nepean,7.7,n/a,,
General,Amherst,Amherstburg,7.7,n/a,,,
Etobicoke,Toronto,7.7,n/a,,,,
Notre,Dame,Toronto,7.7,n/a,,,
W,A,Porter,Toronto,7.7,n/a,,
F,J,Brennan,Windsor,7.7,n/a,,
R,H,King,Toronto,7.7,n/a,,
Sir,John,A,Macdonald,Toronto,7.7,n/a,
Tecumseh,Vista,Tecumseh,7.7,n/a,,,
Centennial,Welland,7.7,n/a,,,,
Collge,Franais,Toronto,7.7,n/a,,,
Canterbury,Ottawa,7.7,n/a,,,,
Gordon,Graydon,Mississauga,7.7,n/a,,,
Paul-Desmarais,Ottawa,7.7,n/a,,,,
Bishop,Paul,Francis,Reding,Milton,7.6,n/a,
Bishop,Macdonell,Guelph,7.6,n/a,,,
St,Francis,Xavier,Mississauga,7.6,n/a,,
St,Mark,Manotick,7.6,n/a,,,
Eden,St,Catharines,7.6,n/a,,,
Northern,Toronto,7.6,n/a,,,,
Resurrection,Kitchener,7.6,n/a,,,,
Batrice-Desloges,Orlans,7.6,n/a,,,,
Milton,Milton,7.6,n/a,,,,
St,Francis,Xavier,Gloucester,7.6,n/a,,
A,N,Myer,Niagara,Falls,7.6,n/a,
Merivale,Nepean,7.6,n/a,,,,
Saugeen,Port,Elgin,7.6,n/a,,,
Dr.,Frank,J.,Hayden,Burlington,7.6,n/a,
Uxbridge,Uxbridge,7.6,n/a,,,,
Holy,Name,of,Mary,Brampton,7.5,n/a,
Renaissance,Aurora,7.5,n/a,,,,
St,Ignatius,of,Loyola,Oakville,7.5,n/a,
Thornlea,Thornhill,7.5,n/a,,,,
Milliken,Mills,Unionville,7.5,n/a,,,
Westmount,Hamilton,7.5,n/a,,,,
Banting,Memorial,Alliston,7.5,n/a,,,
Eastview,Barrie,7.5,n/a,,,,
St,Paul,Mississauga,7.5,n/a,,,
Glenforest,Mississauga,7.5,n/a,,,,
Port,Credit,Mississauga,7.5,n/a,,,
Sir,John,A,Macdonald,Waterloo,7.4,n/a,
Guelph,Guelph,7.4,n/a,,,,
St,Josephs,Toronto,7.4,n/a,,,
Bluevale,Waterloo,7.4,n/a,,,,
Grimsby,Grimsby,7.4,n/a,,,,
Cardinal,Ambrozic,Brampton,7.4,n/a,,,
Cardinal,Carter,Leamington,7.4,n/a,,,
Hearst,Hearst,7.4,n/a,,,,
LEscale,Rockland,7.4,n/a,,,,
St,Francis,Xavier,Hammond,7.4,n/a,,
Georgian,Bay,Meaford,7.4,n/a,,,
Brooklin,Whitby,7.4,n/a,,,,
I,E,Weldon,Lindsay,7.4,n/a,,
Lockerby,Sudbury,7.4,n/a,,,,
Streetsville,Mississauga,7.4,n/a,,,,
Corpus,Christi,Burlington,7.3,n/a,,,
Christ,the,King,Georgetown,7.3,n/a,,
Kingston,Kingston,7.3,n/a,,,,
St,Peter,Orlans,7.3,n/a,,,
Philip,Pocock,Mississauga,7.3,n/a,,,
Sacred,Heart,Newmarket,7.3,n/a,,,
Aldershot,Burlington,7.3,n/a,,,,
Bishop,Tonnos,Ancaster,7.3,n/a,,,
Clarke,Newcastle,7.3,n/a,,,,
Bishop,Smith,Pembroke,7.3,n/a,,,
Central,Elgin,St,Thomas,7.3,n/a,,
Bracebridge,and,Muskoka,Lakes,Bracebridge,7.3,n/a,
Chinguacousy,Brampton,7.3,n/a,,,,
Donald,A.,Wilson,Whitby,7.3,n/a,,
Gravenhurst,Gravenhurst,7.3,n/a,,,,
Jean,Vanier,Milton,7.3,n/a,,,
Osgoode,Township,Metcalfe,7.3,n/a,,,
Romo,Dallaire,Barrie,7.3,n/a,,,
Saint-Frre-Andr,Toronto,7.3,n/a,,,,
Jeunes,sans,frontires,Brampton,7.2,n/a,,
Garneau,Gloucester,7.2,n/a,,,,
Mother,Teresa,Nepean,7.2,n/a,,,
Regiopolis/Notre-Dame,Kingston,7.2,n/a,,,,
Oakridge,London,7.2,n/a,,,,
Saint,Michael,Niagara,Falls,7.2,n/a,,
Harbord,Toronto,7.2,n/a,,,,
Georgetown,Georgetown,7.2,n/a,,,,
Dr,G,W,Williams,Aurora,7.2,n/a,
Craig,Kielburger,Milton,7.2,n/a,,,
Don,Mills,Toronto,7.2,n/a,,,
St,Marys,Hamilton,7.2,n/a,,,
Louis-Riel,Gloucester,7.2,n/a,,,,
St.,Roch,Brampton,7.2,n/a,,,
Embrun,Embrun,7.2,n/a,,,,
South,Lincoln,Smithville,7.2,n/a,,,
Rideau,Elgin,7.2,n/a,,,,
Laura,Secord,St,Catharines,7.2,n/a,,
West,Ferris,North,Bay,7.2,n/a,,
Sir,Robert,Borden,Nepean,7.2,n/a,,
Tommy,Douglas,Woodbridge,7.2,n/a,,,
Bishop,Allen,Toronto,7.1,n/a,,,
Loretto,Abbey,Toronto,7.1,n/a,,,
Holy,Trinity,Simcoe,7.1,n/a,,,
St,Marys,Brockville,7.1,n/a,,,
Vaughan,Thornhill,7.1,n/a,,,,
Glebe,Ottawa,7.1,n/a,,,,
Victoria,Park,Toronto,7.1,n/a,,,
A,B,Lucas,London,7.1,n/a,,
Cardinal,Carter,Aurora,7.1,n/a,,,
St,Thomas,Aquinas,London,7.1,n/a,,
Ancaster,Ancaster,7.1,n/a,,,,
Lord,Dorchester,Dorchester,7.1,n/a,,,
Cardinal,Newman,Stoney,Creek,7.1,n/a,,
Kingsville,Kingsville,7.1,n/a,,,,
St,Stephens,Bowmanville,7.1,n/a,,,
Frontenac,Kingston,7.1,n/a,,,,
Preston,Cambridge,7.1,n/a,,,,
Cit,des,Jeunes,Kapuskasing,7.1,n/a,,
Chippewa,North,Bay,7.1,n/a,,,
Rick,Hansen,Mississauga,7.1,n/a,,,
Stephen,Lewis,Mississauga,7.1,n/a,,,
Assumption,Burlington,7,n/a,,,,
Markham,Markham,7,n/a,,,,
Neil,McNeil,Toronto,7,n/a,,,
St,Joseph,Mississauga,7,n/a,,,
Iona,Mississauga,7,n/a,,,,
St.,Brother,Andr,Markham,7,n/a,,
Jean,Vanier,Richmond,Hill,7,n/a,,
Michael,Power/St,Joseph,Toronto,7,n/a,,
Courtice,Courtice,7,n/a,,,,
Delphi,Alternative,Toronto,7,n/a,,,
Riverdale,Toronto,7,n/a,,,,
Sandwich,LaSalle,7,n/a,,,,
Stouffville,Stouffville,7,n/a,,,,
Pre-Ren-de-Galine,Cambridge,7,n/a,,,,
St,David,Waterloo,7,n/a,,,
Robert,F,Hall,Caledon,East,7,n/a,
Arnprior,Arnprior,7,n/a,,,,
St,John,Perth,7,n/a,,,
Cameron,Heights,Kitchener,7,n/a,,,
MacKenzie,Deep,River,7,n/a,,,
Westlane,Niagara,Falls,7,n/a,,,
Monseigneur-Bruyre,London,7,n/a,,,,
Saint-Charles-Garnier,Whitby,7,n/a,,,,
Gatan,Gervais,Oakville,7,n/a,,,
Henry,Street,Whitby,7,n/a,,,
Maxwell,Heights,Oshawa,7,n/a,,,
North,Park,Brampton,7,n/a,,,
R.,S.,McLaughlin,Oshawa,7,n/a,,
St.,Andre,Bessette,London,7,n/a,,
St,Thomas,Aquinas,Oakville,6.9,n/a,,
Blessed,Trinity,Grimsby,6.9,n/a,,,
Sainte-Famille,Mississauga,6.9,n/a,,,,
Mary,Ward,Toronto,6.9,n/a,,,
Sir,William,Mulock,Newmarket,6.9,n/a,,
St,Edmund,Campion,Brampton,6.9,n/a,,
Assumption,Windsor,6.9,n/a,,,,
Bradford,Bradford,6.9,n/a,,,,
Centre,Wellington,Fergus,6.9,n/a,,,
Orchard,Park,Stoney,Creek,6.9,n/a,,
Father,Leo,J,Austin,Whitby,6.9,n/a,
Lambton,Central,Petrolia,6.9,n/a,,,
Sir,Wilfrid,Laurier,Orlans,6.9,n/a,,
St,Elizabeth,Thornhill,6.8,n/a,,,
Alexander,MacKenzie,Richmond,Hill,6.8,n/a,,
St,Martin,Mississauga,6.8,n/a,,,
John,Cabot,Mississauga,6.8,n/a,,,
Emily,Carr,Woodbridge,6.8,n/a,,,
St,Peters,Peterborough,6.8,n/a,,,
Cairine,Wilson,Ottawa,6.8,n/a,,,
Nicholson,Belleville,6.8,n/a,,,,
South,Huron,Exeter,6.8,n/a,,,
St,Josephs,Windsor,6.8,n/a,,,
Notre,Dame,Brampton,6.8,n/a,,,
St,Patrick,Toronto,6.8,n/a,,,
St,Patricks,Sarnia,6.8,n/a,,,
Father,Bressani,Woodbridge,6.8,n/a,,,
Plantagenet,Plantagenet,6.8,n/a,,,,
Applewood,Heights,Mississauga,6.8,n/a,,,
Port,Perry,Port,Perry,6.8,n/a,,
St.,Joan,of,Arc,Mississauga,6.7,n/a,
Waterdown,Waterdown,6.7,n/a,,,,
St,Ignatius,Thunder,Bay,6.7,n/a,,
Orangeville,Orangeville,6.7,n/a,,,,
St,Francis,St,Catharines,6.7,n/a,,
Huron,Heights,Kitchener,6.7,n/a,,,
Denis,Morris,St,Catharines,6.7,n/a,,
Immaculata,Ottawa,6.7,n/a,,,,
John,Diefenbaker,Hanover,6.7,n/a,,,
Stephen,Leacock,Toronto,6.7,n/a,,,
Harold,M.,Brathwaite,Brampton,6.7,n/a,,
J,Clarke,Richardson,Ajax,6.7,n/a,,
Mayfield,Caledon,6.7,n/a,,,,
Norval-Morrisseau,Richmond,Hill,6.7,n/a,,,
Pickering,Ajax,6.7,n/a,,,,
Turner,Fenton,Brampton,6.7,n/a,,,
Belle,River,Belle,River,6.6,n/a,,
North,Grenville,Kemptville,6.6,n/a,,,
St.,Michael,Bolton,6.6,n/a,,,
Martingrove,Toronto,6.6,n/a,,,,
Sir,Winston,Churchill,St,Catharines,6.6,n/a,
Westdale,Hamilton,6.6,n/a,,,,
Maple,Maple,6.6,n/a,,,,
Brockville,Brockville,6.6,n/a,,,,
St,Paul,Trenton,6.6,n/a,,,
Waterloo-Oxford,Baden,6.6,n/a,,,,
Highland,Dundas,6.6,n/a,,,,
Sir,Frederick,Banting,London,6.6,n/a,,
St,Annes,Clinton,6.6,n/a,,,
Notre,Dame,Carleton,Place,6.6,n/a,,
Francis,Libermann,Toronto,6.6,n/a,,,
St,Paul,Ottawa,6.6,n/a,,,
Bayridge,Kingston,6.6,n/a,,,,
Collingwood,Collingwood,6.6,n/a,,,,
Governor,Simcoe,St,Catharines,6.6,n/a,,
St,Marguerite,dYouville,Brampton,6.6,n/a,,
Glengarry,Alexandria,6.6,n/a,,,,
Leamington,Leamington,6.6,n/a,,,,
St,Joseph-Scollard,Hall,North,Bay,6.6,n/a,
Red,Lake,Red,Lake,6.6,n/a,,
Anderson,Whitby,6.6,n/a,,,,
Lo-Ellen,Park,Sudbury,6.6,n/a,,,
Meadowvale,Mississauga,6.6,n/a,,,,
Pickering,Pickering,6.6,n/a,,,,
Sinclair,Whitby,6.6,n/a,,,,
Notre,Dame,Burlington,6.5,n/a,,,
LHritage,Cornwall,6.5,n/a,,,,
Loyola,Mississauga,6.5,n/a,,,,
Bayside,Belleville,6.5,n/a,,,,
St,Maximilian,Kolbe,Aurora,6.5,n/a,,
Holy,Cross,St,Catharines,6.5,n/a,,
La,Salle,Kingston,6.5,n/a,,,
Northview,Heights,Toronto,6.5,n/a,,,
Owen,Sound,Owen,Sound,6.5,n/a,,
St,Marys,Woodstock,6.5,n/a,,,
Chaminade,Toronto,6.5,n/a,,,,
St,Michael,Stratford,6.5,n/a,,,
Marc,Garneau,Toronto,6.5,n/a,,,
Kitchener,Waterloo,Kitchener,6.5,n/a,,,
Pope,John,Paul,II,Toronto,6.5,n/a,
Southwood,Cambridge,6.5,n/a,,,,
Carleton,Place,Carleton,Place,6.5,n/a,,
Medway,Arva,6.4,n/a,,,,
All,Saints,Whitby,6.4,n/a,,,
Franco-Cit,Ottawa,6.4,n/a,,,,
Listowel,Listowel,6.4,n/a,,,,
Saint,Paul,Niagara,Falls,6.4,n/a,,
Acton,Acton,6.4,n/a,,,,
Patrick,Fogarty,Orillia,6.4,n/a,,,
Sir,Winston,Churchill,Thunder,Bay,6.4,n/a,
Bear,Creek,Barrie,6.4,n/a,,,
Holy,Cross,Peterborough,6.4,n/a,,,
Nantyr,Shores,Innisfil,6.4,n/a,,,
North,Dundas,Chesterville,6.4,n/a,,,
Brampton,Centennial,Brampton,6.4,n/a,,,
Castlebrooke,Brampton,6.4,n/a,,,,
Clarkson,Mississauga,6.4,n/a,,,,
Dunbarton,Pickering,6.4,n/a,,,,
Louise,Arbour,Brampton,6.4,n/a,,,
Holy,Trinity,Oakville,6.3,n/a,,,
Franco-Ouest,Nepean,6.3,n/a,,,,
St,Pius,X,Ottawa,6.3,n/a,,
Chesley,Chesley,6.3,n/a,,,,
St,Johns,Brantford,6.3,n/a,,,
Woodbridge,Woodbridge,6.3,n/a,,,,
Assumption,Brantford,6.3,n/a,,,,
St,Thomas,Aquinas,Kenora,6.3,n/a,,
Albert,Campbell,Toronto,6.3,n/a,,,
Bell,Nepean,6.3,n/a,,,,
Holy,Cross,Kingston,6.3,n/a,,,
Holy,Trinity,Courtice,6.3,n/a,,,
Crestwood,Peterborough,6.3,n/a,,,,
Bowmanville,Bowmanville,6.3,n/a,,,,
Peninsula,Shores,Wiarton,6.3,n/a,,,
Notre,Dame,Ajax,6.3,n/a,,,
Sacred,Heart,Walkerton,6.3,n/a,,,
St,Mary,Pickering,6.3,n/a,,,
Widdifield,North,Bay,6.3,n/a,,,
Nottawasaga,Pines,Angus,6.3,n/a,,,
Opeongo,Douglas,6.3,n/a,,,,
George,Harvey,Toronto,6.3,n/a,,,
Mississauga,Mississauga,6.3,n/a,,,,
Orillia,Orillia,6.3,n/a,,,,
Valour,Petawawa,6.3,n/a,,,,
Father,Michael,Goetz,Mississauga,6.2,n/a,,
St,Josephs,Cornwall,6.2,n/a,,,
Barrie,North,Barrie,6.2,n/a,,,
Cardinal,Leger,Brampton,6.2,n/a,,,
Notre,Dame,Welland,6.2,n/a,,,
Dr,John,M,Denison,Newmarket,6.2,n/a,
Westside,Orangeville,6.2,n/a,,,,
Sainte-Marie,New,Liskeard,6.2,n/a,,,
Sydenham,Sydenham,6.2,n/a,,,,
Essex,Essex,6.2,n/a,,,,
Huron,Heights,Newmarket,6.2,n/a,,,
St,Marys,Toronto,6.2,n/a,,,
St,Jean,de,Brebeuf,Woodbridge,6.2,n/a,
Champlain,Chelmsford,6.2,n/a,,,,
Stamford,Niagara,Falls,6.2,n/a,,,
Erindale,Mississauga,6.2,n/a,,,,
ONeill,Oshawa,6.2,n/a,,,,
Atikokan,Atikokan,6.1,n/a,,,,
St,Marys,Kitchener,6.1,n/a,,,
Ursuline,(The,Pines),Chatham,6.1,n/a,,
E.J.Lajeunesse,Windsor,6.1,n/a,,,,
Monarch,Park,Toronto,6.1,n/a,,,
North,Park,Brantford,6.1,n/a,,,
Grand,River,Kitchener,6.1,n/a,,,
La,Citadelle,Cornwall,6.1,n/a,,,
Lakeshore,Port,Colborne,6.1,n/a,,,
Walkerville,Windsor,6.1,n/a,,,,
Marshall,McLuhan,Toronto,6.1,n/a,,,
Jean-Vanier,Welland,6.1,n/a,,,,
Mitchell,Mitchell,6.1,n/a,,,,
Jacob,Hespeler,Cambridge,6.1,n/a,,,
Ridgeway-Crystal,Beach,Ridgeway,6.1,n/a,,,
Cayuga,Cayuga,6.1,n/a,,,,
King,City,King,City,6,n/a,,
St,Mary,Cobourg,6,n/a,,,
Robert,Bateman,Burlington,6,n/a,,,
Strathroy,District,Strathroy,6,n/a,,,
Innisdale,Barrie,6,n/a,,,,
Norwell,Palmerston,6,n/a,,,,
Pierre-Savard,Nepean,6,n/a,,,,
St,Josephs,Morrow,Park,Toronto,6,n/a,
Centre,Dufferin,Shelburne,6,n/a,,,
St,Charles,Sudbury,6,n/a,,,
North,Lambton,Forest,6,n/a,,,
Renfrew,Renfrew,6,n/a,,,,
Wellington,Heights,Mount,Forest,6,n/a,,
Perth,and,District,Perth,6,n/a,,
Stratford,Northwestern,Stratford,6,n/a,,,
Mer,Bleue,Orlans,6,n/a,,,
Mille-Iles,Kingston,6,n/a,,,,
The,Humberview,Bolton,6,n/a,,,
Holy,Trinity,Cornwall,5.9,n/a,,,
Monseigneur-de-Charbonnel,Toronto,5.9,n/a,,,,
Chatham-Kent,Chatham,5.9,n/a,,,,
Sir,Oliver,Mowat,Toronto,5.9,n/a,,
Bishop,Ryan,Hamilton,5.9,n/a,,,
LAmoreaux,Toronto,5.9,n/a,,,,
Korah,Sault,Ste.,Marie,5.9,n/a,,
St,Jean,de,Brebeuf,Hamilton,5.9,n/a,
St,Thomas,Aquinas,Tottenham,5.9,n/a,,
Superior,CVI,Thunder,Bay,5.9,n/a,,
St,Dominic,Bracebridge,5.9,n/a,,,
Huron,Park,Woodstock,5.9,n/a,,,
C,W,Jefferys,Toronto,5.9,n/a,,
Stayner,Stayner,5.9,n/a,,,,
St,Thomas,Aquinas,Lindsay,5.8,n/a,,
Burlington,Central,Burlington,5.8,n/a,,,
Ascension,of,Our,Lord,Mississauga,5.8,n/a,
Centennial,Belleville,5.8,n/a,,,,
St,Patrick,Thunder,Bay,5.8,n/a,,
Brebeuf,Toronto,5.8,n/a,,,,
Galt,Cambridge,5.8,n/a,,,,
Westgate,Thunder,Bay,5.8,n/a,,,
Port,Colborne,Port,Colborne,5.8,n/a,,
St,Basil,The,Great,Toronto,5.8,n/a,
Thorold,Thorold,5.8,n/a,,,,
St,Theresas,Midland,5.8,n/a,,,
Blessed,Mother,Teresa,Toronto,5.8,n/a,,
Central,Peel,Brampton,5.8,n/a,,,
Cobourg,Cobourg,5.8,n/a,,,,
Huntsville,Huntsville,5.8,n/a,,,,
Lasalle,Sudbury,5.8,n/a,,,,
St,James,Guelph,5.7,n/a,,,
Hammarskjold,Thunder,Bay,5.7,n/a,,,
Silverthorn,Toronto,5.7,n/a,,,,
St,Augustine,Brampton,5.7,n/a,,,
East,Northumberland,Brighton,5.7,n/a,,,
Paris,Paris,5.7,n/a,,,,
St,Benedict,Cambridge,5.7,n/a,,,
Delhi,Delhi,5.7,n/a,,,,
M,M,Robinson,Burlington,5.7,n/a,,
West,Humber,Toronto,5.7,n/a,,,
Brantford,Brantford,5.7,n/a,,,,
Holy,Cross,Strathroy,5.7,n/a,,,
Timiskaming,District,New,Liskeard,5.7,n/a,,
Fletchers,Meadow,Brampton,5.7,n/a,,,
Lindsay,Lindsay,5.7,n/a,,,,
Samuel-Genest,Ottawa,5.6,n/a,,,,
Senator,OConnor,Toronto,5.6,n/a,,,
Woburn,Toronto,5.6,n/a,,,,
St,Theresa,Belleville,5.6,n/a,,,
London,South,London,5.6,n/a,,,
St,Josephs,St,Thomas,5.6,n/a,,
Saltfleet,Stoney,Creek,5.6,n/a,,,
St,Joan,of,Arc,Barrie,5.6,n/a,
Campbellford,Campbellford,5.6,n/a,,,,
St,Thomas,More,Hamilton,5.6,n/a,,
Archbishop,Denis,OConnor,Ajax,5.6,n/a,,
Elmvale,Elmvale,5.6,n/a,,,,
Tagwi,Avonmore,5.6,n/a,,,,
Loyalist,Kingston,5.6,n/a,,,,
Father,Henry,Carr,Toronto,5.6,n/a,,
Sandalwood,Heights,Brampton,5.6,n/a,,,
Hillcrest,Ottawa,5.5,n/a,,,,
Cardinal,Newman,Toronto,5.5,n/a,,,
Parkside,St,Thomas,5.5,n/a,,,
Theriault,Timmins,5.5,n/a,,,,
Bishop,Alexander,Carter,Hanmer,5.5,n/a,,
Ingersoll,District,Ingersoll,5.5,n/a,,,
Toronto,Ouest,Toronto,5.5,n/a,,,
St,Peters,Barrie,5.5,n/a,,,
de,la,Verendrye,Thunder,Bay,5.5,n/a,
Vaughan,Road,Toronto,5.5,n/a,,,
John,Paul,II,London,5.5,n/a,,
John,McGregor,Chatham,5.5,n/a,,,
Hagersville,Hagersville,5.5,n/a,,,,
Sudbury,Sudbury,5.5,n/a,,,,
Gabriel-Dumont,London,5.4,n/a,,,,
St,Thomas,Aquinas,Brampton,5.4,n/a,,
Nouvelle-Alliance,Barrie,5.4,n/a,,,,
Wexford,Collegiate-Arts,Toronto,5.4,n/a,,,
Monsignor,Doyle,Cambridge,5.4,n/a,,,
Parry,Sound,Parry,Sound,5.4,n/a,,
Monsignor,John,Pereyma,Oshawa,5.4,n/a,,
Ridgetown,Ridgetown,5.4,n/a,,,,
Seaway,Iroquois,5.4,n/a,,,,
Twin,Lakes,Orillia,5.4,n/a,,,
Le,Relais,Alexandria,5.4,n/a,,,
Brookfield,Ottawa,5.4,n/a,,,,
Eastdale,Oshawa,5.4,n/a,,,,
de,Casselman,Casselman,5.3,n/a,,,
Elliot,Lake,Elliot,Lake,5.3,n/a,,
St,Marys,St,Marys,5.3,n/a,,
Franco-Cit,Sturgeon,Falls,5.3,n/a,,,
Glendale,Tillsonburg,5.3,n/a,,,,
lEssor,Tecumseh,5.3,n/a,,,,
Central,Huron,Clinton,5.3,n/a,,,
Lester,B,Pearson,Toronto,5.3,n/a,,
Madonna,Toronto,5.3,n/a,,,,
St,Josephs,Barrie,5.3,n/a,,,
Gloucester,Gloucester,5.3,n/a,,,,
Lambton,Kent,Dresden,5.3,n/a,,,
W,F,Herman,Windsor,5.3,n/a,,
Kirkland,Lake,Kirkland,Lake,5.3,n/a,,
Russel,High,Russell,5.3,n/a,,,
Parkdale,Toronto,5.3,n/a,,,,
Sir,Wilfrid,Laurier,Toronto,5.3,n/a,,
St,Patricks,Ottawa,5.3,n/a,,,
Central,Algoma,Desbarats,5.3,n/a,,,
Glenview,Park,Cambridge,5.3,n/a,,,
St,Catharines,St,Catharines,5.3,n/a,,
David,Suzuki,Brampton,5.3,n/a,,,
Holy,Trinity,Bradford,5.3,n/a,,,
Lively,Lively,5.3,n/a,,,,
Simcoe,Simcoe,5.2,n/a,,,,
Jean,Vanier,Toronto,5.2,n/a,,,
North,Middlesex,Parkhill,5.2,n/a,,,
St,Joan,of,Arc,Maple,5.2,n/a,
Clarington,Central,Bowmanville,5.2,n/a,,,
Eastwood,Kitchener,5.2,n/a,,,,
Michipicoten,Wawa,5.2,n/a,,,,
DSBN,Academy,St,Catharines,5.2,n/a,,
Goderich,Goderich,5.1,n/a,,,,
Beamsville,Beamsville,5.1,n/a,,,,
Blenheim,Blenheim,5.1,n/a,,,,
Monsignor,Paul,Dwyer,Oshawa,5.1,n/a,,
James,Cardinal,McGuigan,Toronto,5.1,n/a,,
Beaver,Brae,Kenora,5.1,n/a,,,
Roland,Michener,South,Porcupine,5.1,n/a,,
Kapuskasing,Kapuskasing,5.1,n/a,,,,
Jean,Vanier,Collingwood,5,n/a,,,
Adam,Scott,Peterborough,5,n/a,,,
Kincardine,Kincardine,5,n/a,,,,
Deslauriers,Nepean,5,n/a,,,,
Mre-Teresa,Hamilton,5,n/a,,,,
Thomas,A,Stewart,Peterborough,5,n/a,,
St,Marys,Owen,Sound,5,n/a,,
Catholic,Central,London,5,n/a,,,
Catholic,Central,Windsor,5,n/a,,,
Thousand,Islands,Brockville,5,n/a,,,
Our,Lady,of,the,Lake,Keswick,5,n/a
St,Marys,Sault,Ste.,Marie,5,n/a,
Thistletown,Toronto,5,n/a,,,,
Westminster,London,5,n/a,,,,
Keswick,Keswick,5,n/a,,,,
Fort,Erie,Fort,Erie,5,n/a,,
Bruce,Peninsula,Lions,Head,5,n/a,,
Espanola,Espanola,5,n/a,,,,
G,L,Roberts,Oshawa,5,n/a,,
Heart,Lake,Brampton,5,n/a,,,
Jean,Augustine,Brampton,5,n/a,,,
Notre,Dame,Ottawa,4.9,n/a,,,
Riverside,Windsor,4.9,n/a,,,,
Napanee,Napanee,4.9,n/a,,,,
Dante,Alighieri,Toronto,4.9,n/a,,,
Walkerton,Walkerton,4.9,n/a,,,,
Kenner,Peterborough,4.9,n/a,,,,
Woodstock,Woodstock,4.9,n/a,,,,
Trenton,Trenton,4.9,n/a,,,,
Pine,Ridge,Pickering,4.9,n/a,,,
Rockland,Rockland,4.8,n/a,,,,
Forest,Heights,Kitchener,4.8,n/a,,,
Collge,Notre-Dame,Sudbury,4.8,n/a,,,
Danforth,Toronto,4.8,n/a,,,,
Grey,Highlands,Flesherton,4.8,n/a,,,
Brock,Cannington,4.8,n/a,,,,
Vankleek,Hill,Vankleek,Hill,4.7,n/a,,
Saunders,London,4.7,n/a,,,,
Almonte,Almonte,4.7,n/a,,,,
Fort,Frances,Fort,Frances,4.7,n/a,,
Prince,Edward,Picton,4.7,n/a,,,
F,E,Madill,Wingham,4.7,n/a,,
McKinnon,Park,Caledonia,4.7,n/a,,,
W,C,Eaket,Blind,River,4.7,n/a,
Archbishop,Romero,Toronto,4.7,n/a,,,
West,Elgin,West,Lorne,4.7,n/a,,
Winston,Churchill,Toronto,4.7,n/a,,,
Waterford,Waterford,4.7,n/a,,,,
Sacr-Coeur,Sudbury,4.7,n/a,,,,
Ajax,Ajax,4.7,n/a,,,,
Bramalea,Brampton,4.7,n/a,,,,
Haliburton,Highland,Haliburton,4.7,n/a,,,
Algonquin,North,Bay,4.6,n/a,,,
Hawkesbury,Hawkesbury,4.6,n/a,,,,
Newtonbrook,Toronto,4.6,n/a,,,,
Dryden,Dryden,4.6,n/a,,,,
Western,Toronto,4.6,n/a,,,,
York,Memorial,Toronto,4.6,n/a,,,
Ernestown,Odessa,4.6,n/a,,,,
Hon,W,C,Kennedy,Windsor,4.6,n/a,
Gananoque,Gananoque,4.6,n/a,,,,
Fenelon,Falls,Fenelon,Falls,4.6,n/a,,
Granite,Ridge,Sharbot,Lake,4.6,n/a,,
Rainy,River,Rainy,River,4.5,n/a,,
Sir,Allan,MacNab,Hamilton,4.5,n/a,,
Sherwood,Hamilton,4.5,n/a,,,,
Sir,Wilfrid,Laurier,London,4.5,n/a,,
Superior,Heights,Sault,Ste.,Marie,4.5,n/a,
Le,Caron,Penetanguishene,4.5,n/a,,,
H,B,Beal,London,4.5,n/a,,
Norwood,Norwood,4.5,n/a,,,,
Lakeshore,Toronto,4.5,n/a,,,,
Al-Risala,Mississauga,4.5,n/a,,,,
Great,Lakes,Sarnia,4.5,n/a,,,
Jean-Vanier,Kirkland,Lake,4.5,n/a,,,
tienne-Brl,Toronto,4.4,n/a,,,,
Port,Hope,Port,Hope,4.4,n/a,,
Birchmount,Park,Toronto,4.4,n/a,,,
Bishop,Marrocco/Thomas,Merton,Toronto,4.4,n/a,,
Glendale,Hamilton,4.4,n/a,,,,
Lake,Superior,Terrace,Bay,4.4,n/a,,
Georges,Vanier,Toronto,4.4,n/a,,,
Georgian,Bay,District,Midland,4.4,n/a,,
Manitoulin,MChigeeng,4.4,n/a,,,,
Holy,Cross,Woodbridge,4.3,n/a,,,
Fellowes,Pembroke,4.3,n/a,,,,
Monsignor,Percy,Johnson,Toronto,4.3,n/a,,
John,Polanyi,Toronto,4.3,n/a,,,
Quinte,Belleville,4.3,n/a,,,,
George,S,Henry,Toronto,4.3,n/a,,
Dunnville,Dunnville,4.3,n/a,,,,
Eastdale,Welland,4.3,n/a,,,,
Athens,Athens,4.3,n/a,,,,
Nancy,Campbell,Stratford,4.3,n/a,,,
Lester,B,Pearson,Gloucester,4.2,n/a,,
Saint-Franois-Xavier,Sarnia,4.2,n/a,,,,
Centre,Hastings,Madoc,4.2,n/a,,,
Madawaska,Valley,Barrys,Bay,4.2,n/a,,
Jarvis,Toronto,4.2,n/a,,,,
White,Pines,Sault,Ste.,Marie,4.2,n/a,
Ridgemont,Ottawa,4.2,n/a,,,,
North,Albion,Toronto,4.2,n/a,,,
South,Grenville,Prescott,4.2,n/a,,,
lHorizon,Val,Caron,4.1,n/a,,,
Wallaceburg,Wallaceburg,4.1,n/a,,,,
East,Elgin,Aylmer,4.1,n/a,,,
West,Hill,Toronto,4.1,n/a,,,
Nipigon,Red,Rock,Red,Rock,4.1,n/a,
Confederation,Val,Caron,4.1,n/a,,,
Moira,Belleville,4,n/a,,,,
Pain,Court,Pain,Court,4,n/a,,
Loretto,Toronto,4,n/a,,,,
Marathon,Marathon,4,n/a,,,,
Regina,Mundi,London,4,n/a,,,
F,J,McElligott,Mattawa,4,n/a,,
Thomas,L,Kennedy,Mississauga,4,n/a,,
Runnymede,Toronto,3.9,n/a,,,,
Wasse-Abin,Wikwemikong,Wikwemikong,3.9,n/a,,,
East,York,Toronto,3.8,n/a,,,
Jeunesse-Nord,Blind,River,3.8,n/a,,,
Valley,Heights,Langton,3.8,n/a,,,
Clarke,Road,London,3.8,n/a,,,
Almaguin,Highlands,South,River,3.8,n/a,,
OGorman,Timmins,3.7,n/a,,,,
Macdonald-Cartier,Sudbury,3.7,n/a,,,,
Tilbury,Tilbury,3.6,n/a,,,,
College,Avenue,Woodstock,3.6,n/a,,,
Cornwall,Cornwall,3.6,n/a,,,,
Nouveau,Regard,-,Jeunesse,Nord,Cochrane,3.6,n/a
Central,Commerce,Toronto,3.6,n/a,,,
Everest,Thornhill,3.5,n/a,,,,
Woodroffe,Ottawa,3.5,n/a,,,,
Georges-P-Vanier,Hamilton,3.4,n/a,,,,
Glencoe,Glencoe,3.4,n/a,,,,
Pauline,Johnson,Brantford,3.4,n/a,,,
Cathedral,Hamilton,3.4,n/a,,,,
Barton,Hamilton,3.4,n/a,,,,
Sutton,Sutton,West,3.4,n/a,,,
Englehart,Englehart,3.3,n/a,,,,
North,Hastings,Bancroft,3.3,n/a,,,
John,L,Forster,Windsor,3.3,n/a,,
Sir,Guy,Carleton,Nepean,3.3,n/a,,
David,and,Mary,Thomson,Toronto,3.2,n/a,
Oakwood,Toronto,3.2,n/a,,,,
Rideau,Ottawa,3.2,n/a,,,,
Iroquois,Falls,Iroquois,Falls,3.1,n/a,,
Central,Toronto,3.1,n/a,,,,
Safa,&,Marwa,Mississauga,3.1,n/a,,
St,Lawrence,Cornwall,3,n/a,,,
Timmins,Timmins,3,n/a,,,,
Sir,Winston,Churchill,Hamilton,3,n/a,,
Smiths,Falls,Smiths,Falls,2.8,n/a,,
Cedarbrae,Toronto,2.8,n/a,,,,
Kipling,Toronto,2.8,n/a,,,,
Lincoln,M,Alexander,Mississauga,2.8,n/a,,
Renaissance,Timmins,2.8,n/a,,,,
Geraldton,Geraldton,2.7,n/a,,,,
Weston,Toronto,2.6,n/a,,,,
Queen,Elizabeth,Sioux,Lookout,2.6,n/a,,
Downsview,Toronto,2.6,n/a,,,,
Northern,Sturgeon,Falls,2.5,n/a,,,
College,Heights,Guelph,2.5,n/a,,,
Chelmsford,Valley,Chelmsford,2.5,n/a,,,
Arthur,Voaden,St,Thomas,2.2,n/a,,
LAlliance-publique,Iroquois,Falls,2.1,n/a,,,
Delta,Hamilton,2,n/a,,,,
Sir,John,A,Macdonald,Hamilton,1.9,n/a,
Hanmer,Hanmer,1.9,n/a,,,,
Montcalm,London,1.6,n/a,,,,
Ottawa,Technical,Ottawa,1.6,n/a,,,
Emery,Toronto,1.5,n/a,,,,
City,School,Toronto,1.5,n/a,,,
North,Addington,Cloyne,1.4,n/a,,,
Scarlett,Heights,Entrepreneurial,Toronto,1.3,n/a,,
Alexander,Mackenzie,Sarnia,1.3,n/a,,,
Westview,Centennial,Toronto,0.9,n/a,,,
Eenchokay,Birchstick,Pikangikum,0.4,n/a,,,
Manitouwadge,Manitouwadge,0,n/a,,,,
Cochrane,Cochrane,0,n/a,,,,
Northern,Lights,Moosonee,0,n/a,,,
Bendale,Toronto,0,n/a,,,,
Western,Amherstburg,0,n/a,,,,
Francine,J.,Wesley,Kashechewan,0,n/a,,
Judith,Nyman,Brampton,0,n/a,,,
Notre-Dame,Woodstock,0,n/a,,,,
St.,Luke,Catholic,Smiths,Falls,0,n/a,
Thomas,Fiddler,Memorial,Sandy,Lake,0,n/a,
West,Credit,Mississauga,0,n/a,,,
,,,,,,,
,,,,,,,
,,,,,,,
,,,ß,,,,
