Region Name,City Name,School Name,School Score
Peel Region,Mississauga,Ahmadiyya,10.0
Peel Region,Brampton,Al-Ameen,10.0
Halton Region,Oakville,Al-Falah,10.0
City of Toronto,Toronto,Avondale Alternative,10.0
Peel Region,Mississauga,IQRA Islamic,10.0
Durham Region,Ajax,Islamic Foundation,10.0
Peel Region,Mississauga,ISNA Islamic,10.0
Peel Region,Brampton,Khalsa Community,10.0
Peel Region,Mississauga,Khalsa School Malton,10.0
Peel Region,Mississauga,Safa & Marwa,10.0
York Region,Markham,Sainte-Marguerite-Bourgeoys,10.0
City of Toronto,Toronto,Sathya Sai,10.0
York Region,Unionville,St. Justin Martyr,10.0
Halton Region,Oakville,St. Mildred's-Lightbourn,10.0
City of Toronto,Toronto,Whitney,10.0
City of Toronto,Toronto,Rosedale,9.9
York Region,Thornhill,Bayview Fairways,9.8
York Region,Markham,Donald Cousens,9.7
City of Toronto,Toronto,Kennedy,9.7
York Region,Vaughan,Le-Petit-Prince,9.7
York Region,Markham,Stonebridge,9.7
City of Toronto,Toronto,Islamic Institute of Toronto,9.6
City of Toronto,Toronto,Salaheddin Islamic,9.6
Peel Region,Brampton,St. Agnes,9.6
York Region,Thornhill,Henderson Avenue,9.5
Peel Region,Mississauga,St. John of the Cross,9.5
York Region,Unionville,William Berczy,9.5
Peel Region,Mississauga,Horizon Jeunesse,9.4
City of Toronto,Toronto,Islamic Foundation,9.4
City of Toronto,Toronto,Northmount,9.4
Peel Region,Mississauga,St. Rose of Lima,9.4
City of Toronto,Toronto,C D Farquharson,9.3
City of Toronto,Toronto,St. Michael's Choir,9.3
City of Toronto,Toronto,Cottingham,9.2
City of Toronto,Toronto,John Ross Robertson,9.2
Peel Region,Mississauga,John XXIII,9.2
City of Toronto,Toronto,Our Lady of Perpetual Help,9.2
Halton Region,Oakville,St. Luke,9.2
Peel Region,Mississauga,St. Mark,9.2
City of Toronto,Toronto,Summit Heights,9.2
Durham Region,Oshawa,Antonine Maillet,9.1
City of Toronto,Toronto,Bialik Hebrew Day,9.1
City of Toronto,Toronto,Charles-Sauriol,9.1
Halton Region,Oakville,Joshua Creek,9.1
York Region,Maple,Michael Cranny,9.1
City of Toronto,Toronto,St. Bonaventure,9.1
York Region,Thornhill,Bayview Glen,9.0
York Region,Unionville,Blessed John XXIII,9.0
City of Toronto,Toronto,Blythwood,9.0
City of Toronto,Toronto,Churchill Heights,9.0
Halton Region,Oakville,Forest Trail,9.0
City of Toronto,Toronto,Hunter's Glen,9.0
City of Toronto,Toronto,Lambton Kingsway,9.0
City of Toronto,Toronto,St. Marguerite Bourgeoys,9.0
York Region,Unionville,Unionville,9.0
York Region,Markham,Coledale,8.9
City of Toronto,Toronto,Courcelette,8.9
Halton Region,Oakville,E J James,8.9
Durham Region,Pickering,Elizabeth B Phin,8.9
City of Toronto,Toronto,Holy Rosary,8.9
City of Toronto,Toronto,Island Public/Natural Science,8.9
Halton Region,Oakville,Pilgrim Wood,8.9
City of Toronto,Toronto,St. Henry,8.9
York Region,Unionville,St. Matthew,8.9
City of Toronto,Toronto,Balmy Beach,8.8
City of Toronto,Toronto,Deer Park,8.8
Durham Region,Whitby,Fallingbrook,8.8
City of Toronto,Toronto,Forest Hill,8.8
York Region,Markham,Franklin Street,8.8
City of Toronto,Toronto,Iroquois,8.8
Halton Region,Burlington,John T Tuck,8.8
City of Toronto,Toronto,Montrose,8.8
Halton Region,Oakville,Munns,8.8
York Region,Unionville,Parkview,8.8
York Region,Markham,San Lorenzo Ruiz,8.8
Peel Region,Mississauga,St. David of Wales,8.8
Peel Region,Mississauga,St. Edmund,8.8
Peel Region,Mississauga,Sts Martha & Mary,8.8
York Region,Markham,Unionville Meadows,8.8
York Region,Thornhill,Baythorn,8.7
City of Toronto,Toronto,Garden Avenue,8.7
Halton Region,Oakville,James W. Hill,8.7
York Region,Markham,Mount Joy,8.7
Peel Region,Mississauga,Olive Grove,8.7
City of Toronto,Toronto,Prince of Peace,8.7
York Region,Markham,Roy H Crosby,8.7
Halton Region,Burlington,St. Anne,8.7
Halton Region,Oakville,Sunningdale,8.7
Peel Region,Caledon,Wali ul Asr,8.7
City of Toronto,Toronto,Allenby,8.6
York Region,Markham,Castlemore,8.6
York Region,Markham,Central Park,8.6
Durham Region,Pickering,Gandatsetiagon,8.6
City of Toronto,Toronto,Mother Cabrini,8.6
Durham Region,Oshawa,Northern Dancer,8.6
York Region,Markham,Sir Richard W Scott,8.6
York Region,Unionville,St. Benedict,8.6
Halton Region,Oakville,St. Matthew's,8.6
York Region,Woodbridge,St. Padre Pio,8.6
City of Toronto,Toronto,Swansea,8.6
York Region,Thornhill,Willowbrook,8.6
City of Toronto,Toronto,Blessed Sacrament,8.5
City of Toronto,Toronto,Brookside,8.5
City of Toronto,Toronto,Humber Valley Village,8.5
York Region,Maple,Mackenzie Glen,8.5
City of Toronto,Toronto,Percy Williams,8.5
City of Toronto,Toronto,St. Vincent de Paul,8.5
Peel Region,Mississauga,Ange-Gabriel,8.4
City of Toronto,Toronto,Bennington Heights,8.4
City of Toronto,Toronto,Brock,8.4
City of Toronto,Toronto,Brookmill Boulevard,8.4
City of Toronto,Toronto,Cedarvale,8.4
City of Toronto,Toronto,Downtown Alternative,8.4
Durham Region,Whitby,Earl A Fairman,8.4
City of Toronto,Toronto,Fairglen,8.4
City of Toronto,Toronto,Fleming,8.4
City of Toronto,Toronto,Frankland,8.4
Peel Region,Mississauga,Hawthorn,8.4
City of Toronto,Toronto,Howard,8.4
City of Toronto,Toronto,John Wanless,8.4
York Region,Maple,Joseph A Gibson,8.4
City of Toronto,Toronto,Milliken,8.4
City of Toronto,Toronto,Orde Street,8.4
York Region,Markham,Parkland,8.4
City of Toronto,Toronto,Shaughnessy,8.4
City of Toronto,Toronto,Sir Samuel B Steele,8.4
City of Toronto,Toronto,St. Clement,8.4
York Region,Vaughan,St. Mary of the Angels,8.4
City of Toronto,Toronto,St. Pius X,8.4
York Region,Markham,Victoria Square,8.4
Durham Region,Pickering,William Dunbar,8.4
Peel Region,Mississauga,AI-Manarat Heights,8.3
York Region,Markham,Beckett Farm,8.3
City of Toronto,Toronto,Beverly Glen,8.3
York Region,Thornhill,Charlton,8.3
City of Toronto,Toronto,Jeanne-Lajoie,8.3
City of Toronto,Toronto,Khairul Ummah,8.3
York Region,Markham,Lincoln Alexander,8.3
Halton Region,Oakville,St. Andrew,8.3
York Region,Woodbridge,St. Gregory the Great,8.3
York Region,Maple,St. James,8.3
Peel Region,Mississauga,St. Thomas More,8.3
City of Toronto,Toronto,The Grove,8.3
York Region,Markham,Wismer,8.3
York Region,Unionville,All Saints,8.2
City of Toronto,Toronto,Alvin Curling,8.2
City of Toronto,Toronto,Anson Park,8.2
City of Toronto,Toronto,Bessborough Drive,8.2
York Region,Markham,Black Walnut,8.2
City of Toronto,Toronto,David Lewis,8.2
York Region,Markham,Fred Varley,8.2
Halton Region,Oakville,Heritage Glen,8.2
City of Toronto,Toronto,Indian Road Crescent,8.2
Durham Region,Whitby,Jack Miner,8.2
City of Toronto,Toronto,King George,8.2
Halton Region,Oakville,Mother Teresa,8.2
Halton Region,Oakville,Oodenawi,8.2
City of Toronto,Toronto,Ossington/Old Orchard,8.2
City of Toronto,Toronto,Pape Avenue,8.2
City of Toronto,Toronto,Runnymede,8.2
City of Toronto,Toronto,St. Barnabas,8.2
City of Toronto,Toronto,St. Denis,8.2
York Region,Thornhill,St. Michael,8.2
City of Toronto,Toronto,St. Sebastian,8.2
Durham Region,Ajax,Vimy Ridge,8.2
City of Toronto,Toronto,Bedford Park,8.1
City of Toronto,Toronto,Bridlewood,8.1
York Region,Thornhill,Carrville Mills,8.1
Halton Region,Burlington,Charles R. Beaudoin,8.1
York Region,Maple,Dr Roberta Bondar,8.1
City of Toronto,Toronto,Elizabeth Simcoe,8.1
York Region,Thornhill,German Mills,8.1
City of Toronto,Toronto,Nativity of Our Lord,8.1
Halton Region,Burlington,Paul A Fisher,8.1
Peel Region,Brampton,Ray Lawson,8.1
Halton Region,Burlington,Renaissance,8.1
City of Toronto,Toronto,St. Anselm,8.1
Peel Region,Mississauga,St. Bernard of Clairvaux,8.1
York Region,Markham,St. Joseph,8.1
York Region,Markham,St. Julia Billiart,8.1
Halton Region,Burlington,St. Raphaels,8.1
Peel Region,Mississauga,St. Therese of the Child Jesus,8.1
Durham Region,Pickering,Altona Forest,8.0
Peel Region,Mississauga,Blessed Teresa of Calcutta,8.0
York Region,Markham,Buttonville,8.0
Peel Region,Brampton,Castlemore,8.0
York Region,Markham,David Suzuki,8.0
York Region,Markham,Highgate,8.0
York Region,Markham,John McCrae,8.0
Durham Region,Oshawa,Kedron,8.0
York Region,Woodbridge,Lorna Jackson,8.0
City of Toronto,Toronto,North Preparatory,8.0
City of Toronto,Toronto,Northlea,8.0
Peel Region,Mississauga,Our Lady of Good Voyage,8.0
City of Toronto,Toronto,Our Lady of Sorrows,8.0
Halton Region,Oakville,Pine Grove,8.0
Peel Region,Mississauga,Queen of Heaven,8.0
Durham Region,Pickering,Rosebank Road,8.0
City of Toronto,Toronto,St. Brendan,8.0
Halton Region,Burlington,St. Christopher,8.0
City of Toronto,Toronto,St. Clare,8.0
York Region,Woodbridge,St. Clement,8.0
Halton Region,Oakville,St. Dominic,8.0
York Region,Markham,St. Francis Xavier,8.0
York Region,Thornhill,St. Joseph The Worker,8.0
City of Toronto,Toronto,St. Mary of the Angels,8.0
City of Toronto,Toronto,The Divine Infant,8.0
City of Toronto,Toronto,Alexmuir,7.9
Halton Region,Burlington,Alton Village,7.9
Peel Region,Brampton,Beryl Ford,7.9
City of Toronto,Toronto,Charles G Fraser,7.9
Peel Region,Mississauga,Ellengale,7.9
Halton Region,Milton,Holy Rosary,7.9
York Region,Aurora,Holy Spirit,7.9
City of Toronto,Toronto,Jackman Avenue,7.9
Durham Region,Whitby,John Dryden,7.9
York Region,Thornhill,Johnsview Village,7.9
York Region,Vaughan,Pierre Berton,7.9
Peel Region,Mississauga,St. Gregory,7.9
Peel Region,Mississauga,St. Helen,7.9
Durham Region,Whitby,St. Luke the Evangelist,7.9
York Region,Woodbridge,St. Margaret Mary,7.9
Peel Region,Mississauga,St. Timothy,7.9
Durham Region,Pickering,Valley Farm,7.9
Peel Region,Brampton,Wali ul Asr,7.9
City of Toronto,Toronto,West Preparatory,7.9
City of Toronto,Toronto,Wilkinson,7.9
City of Toronto,Toronto,All Saints,7.8
York Region,Markham,Boxwood,7.8
Halton Region,Oakville,Captain R Wilson,7.8
City of Toronto,Toronto,Cedarbrook,7.8
York Region,Markham,E T Crowle,7.8
York Region,Stouffville,Glad Park,7.8
Halton Region,Milton,Guardian Angels,7.8
York Region,Maple,Herbert H Carnegie,7.8
City of Toronto,Toronto,High Park Alternative School,7.8
City of Toronto,Toronto,Humberwood Downs,7.8
Peel Region,Brampton,Ingleborough,7.8
Peel Region,Caledon,James Grieve,7.8
Durham Region,Uxbridge,Joseph Gould,7.8
City of Toronto,Toronto,Josyf Cardinal Slipyj,7.8
Halton Region,Oakville,Maple Grove,7.8
Durham Region,Pickering,Maple Ridge,7.8
York Region,Unionville,Milliken Mills,7.8
Durham Region,Ajax,Mother Teresa,7.8
Halton Region,Oakville,New Central,7.8
York Region,Markham,Randall,7.8
City of Toronto,Toronto,Saint-Noël-Chabanel,7.8
City of Toronto,Toronto,Sainte-Marguerite-d'Youville,7.8
Peel Region,Mississauga,St. Louis,7.8
Halton Region,Oakville,St. Marguerite d'Youville,7.8
City of Toronto,Toronto,St. Matthias,7.8
Durham Region,Whitby,St. Paul,7.8
Halton Region,Burlington,St. Timothy,7.8
York Region,Stouffville,Summitview,7.8
City of Toronto,Toronto,White Haven,7.8
City of Toronto,Toronto,Withrow Avenue,7.8
York Region,Markham,Ashton Meadows,7.7
York Region,Newmarket,Bogart,7.7
Halton Region,Oakville,Brookdale,7.7
City of Toronto,Toronto,Brown,7.7
Halton Region,Burlington,C H Norton,7.7
Halton Region,Burlington,Canadian Martyrs,7.7
Peel Region,Brampton,Churchville,7.7
City of Toronto,Toronto,Earl Haig,7.7
City of Toronto,Toronto,George P Mackie,7.7
City of Toronto,Toronto,Laure-Rièse,7.7
City of Toronto,Toronto,Notre-Dame-de-Grâce,7.7
Peel Region,Mississauga,Our Lady of Mercy,7.7
Halton Region,Burlington,Pineland,7.7
City of Toronto,Toronto,Poplar Road,7.7
Halton Region,Oakville,Post's Corners,7.7
York Region,Aurora,Rick Hansen,7.7
City of Toronto,Toronto,Rolph Road,7.7
City of Toronto,Toronto,Shirley Street,7.7
Durham Region,Ajax,Southwood Park,7.7
York Region,Maple,St. Cecilia,7.7
City of Toronto,Toronto,St. Cecilia,7.7
City of Toronto,Toronto,St. Gregory,7.7
Halton Region,Oakville,St. Mary,7.7
City of Toronto,Toronto,The Holy Trinity,7.7
City of Toronto,Toronto,Thomas L Wells,7.7
York Region,Thornhill,Thornhill Woods,7.7
City of Toronto,Toronto,Transfiguration of our Lord,7.7
City of Toronto,Toronto,Venerable John Merlini,7.7
Durham Region,Whitby,Whitby Shores,7.7
York Region,Stouffville,Whitchurch Highlands,7.7
City of Toronto,Toronto,Agnes Macphail,7.6
York Region,Stouffville,Barbara Reid,7.6
City of Toronto,Toronto,Canadian Martyrs,7.6
York Region,Markham,Cedarwood,7.6
Durham Region,Whitby,Colonel J E Farewell,7.6
York Region,Markham,Cornell Village,7.6
City of Toronto,Toronto,Davisville,7.6
City of Toronto,Toronto,Dewson Street,7.6
Peel Region,Mississauga,Divine Mercy,7.6
Halton Region,Oakville,du Chêne,7.6
City of Toronto,Toronto,Givins/Shaw,7.6
York Region,Vaughan,Glenn Gould,7.6
City of Toronto,Toronto,John English,7.6
City of Toronto,Toronto,Kensington,7.6
City of Toronto,Toronto,Norseman,7.6
Durham Region,Ajax,Nottingham,7.6
Halton Region,Burlington,Orchard Park,7.6
Halton Region,Oakville,Patricia-Picknell,7.6
York Region,Aurora,Saint-Jean,7.6
Halton Region,Oakville,Sainte-Marie,7.6
York Region,Markham,Sir John A. Macdonald,7.6
City of Toronto,Toronto,St. Andrews,7.6
Peel Region,Mississauga,St. Barbara,7.6
Halton Region,Milton,St. Benedict,7.6
City of Toronto,Toronto,St. Demetrius,7.6
Peel Region,Mississauga,St. James,7.6
York Region,Newmarket,St. Nicholas,7.6
Halton Region,Milton,St. Peter's,7.6
City of Toronto,Toronto,St. Robert,7.6
City of Toronto,Toronto,St. Sylvester,7.6
City of Toronto,Toronto,Terry Fox,7.6
York Region,Thornhill,Thornhill,7.6
Halton Region,Milton,Anne J. MacArthur,7.5
City of Toronto,Toronto,Annunciation,7.5
City of Toronto,Toronto,Armour Heights,7.5
City of Toronto,Toronto,Buchanan,7.5
City of Toronto,Toronto,Chartland,7.5
Durham Region,Whitby,Chris Hadfield,7.5
York Region,Maple,Discovery,7.5
City of Toronto,Toronto,Emily Carr,7.5
York Region,Aurora,Hartman,7.5
City of Toronto,Toronto,Kew Beach,7.5
Durham Region,Ajax,Lester B Pearson,7.5
City of Toronto,Toronto,North Agincourt,7.5
City of Toronto,Toronto,Palmerston Avenue,7.5
City of Toronto,Toronto,Pleasant,7.5
Durham Region,Ajax,Romeo Dallaire,7.5
York Region,Thornhill,Rosedale Heights,7.5
Halton Region,Burlington,Sacred Heart of Jesus,7.5
Peel Region,Mississauga,San Lorenzo Ruiz,7.5
Peel Region,Caledon,SouthFields Village,7.5
Peel Region,Mississauga,St. Albert of Jerusalem,7.5
City of Toronto,Toronto,St. Ambrose,7.5
York Region,Woodbridge,St. Angela Merici,7.5
City of Toronto,Toronto,St. Isaac Jogues,7.5
Peel Region,Brampton,St. Jean Brebeuf,7.5
City of Toronto,Toronto,St. Maurice,7.5
York Region,Woodbridge,St. Stephen,7.5
Durham Region,Pickering,Vaughan Willard,7.5
City of Toronto,Toronto,Vradenburg,7.5
Halton Region,Oakville,West Oak,7.5
York Region,Markham,William Armstrong,7.5
Durham Region,Whitby,Williamsburg,7.5
City of Toronto,Toronto,Williamson Road,7.5
City of Toronto,Toronto,Centennial Road,7.4
Peel Region,Brampton,Eldorado,7.4
York Region,Concord,Glen Shields,7.4
York Region,Markham,Greensborough,7.4
Peel Region,Mississauga,Kenollie,7.4
Peel Region,Mississauga,Mineola,7.4
York Region,Vaughan,Nellie McClung,7.4
Peel Region,Mississauga,Plum Tree Park,7.4
York Region,Markham,Ramer Wood,7.4
Peel Region,Mississauga,Saint-Jean-Baptiste,7.4
York Region,Woodbridge,St. Agnes of Assisi,7.4
Durham Region,Oshawa,St. Hedwig,7.4
Peel Region,Brampton,St. Kevin,7.4
City of Toronto,Toronto,St. Mark,7.4
Peel Region,Mississauga,St. Veronica,7.4
Peel Region,Mississauga,Sts Peter & Paul,7.4
York Region,Stouffville,Wendat Village,7.4
Durham Region,Pickering,Westcreek,7.4
York Region,Newmarket,Alexander Muir,7.3
Halton Region,Burlington,Alexander's,7.3
Halton Region,Burlington,Ascension,7.3
York Region,Aurora,Aurora,7.3
Durham Region,Ajax,Brother Andre,7.3
Durham Region,Whitby,Captain Michael VandenBos,7.3
Halton Region,Milton,Chris Hadfield,7.3
City of Toronto,Toronto,Cornell,7.3
Durham Region,Ajax,Eagle Ridge,7.3
City of Toronto,Toronto,Father Serra,7.3
City of Toronto,Toronto,Georges-Étienne-Cartier,7.3
York Region,Stouffville,Harry Bowes,7.3
Durham Region,Pickering,Highbush,7.3
Halton Region,Burlington,John William Boich,7.3
City of Toronto,Toronto,Kimberley,7.3
City of Toronto,Toronto,Mary Shadd,7.3
Peel Region,Brampton,Mount Royal,7.3
City of Toronto,Toronto,North Bridlewood,7.3
York Region,Newmarket,Notre Dame,7.3
Durham Region,Whitby,Ormiston,7.3
City of Toronto,Toronto,Pierre-Elliott-Trudeau,7.3
Halton Region,Oakville,Pope John Paul II,7.3
Halton Region,Burlington,Ryerson,7.3
Peel Region,Brampton,Sir Isaac Brock,7.3
Peel Region,Brampton,Springbrook,7.3
Peel Region,Mississauga,St. Edith Stein,7.3
City of Toronto,Toronto,St. Elizabeth,7.3
Peel Region,Mississauga,St. Philip,7.3
Peel Region,Mississauga,St. Simon Stock,7.3
Peel Region,Mississauga,St. Sofia,7.3
Halton Region,Oakville,W H Morden,7.3
York Region,Aurora,Aurora Grove,7.2
City of Toronto,Toronto,Bendale,7.2
York Region,Maple,Blessed Trinity,7.2
Peel Region,Brampton,Carrefour des Jeunes,7.2
York Region,Markham,Coppard Glen,7.2
Durham Region,Ajax,da Vinci,7.2
Peel Region,Brampton,Eagle Plains,7.2
City of Toronto,Toronto,Félix-Leclerc,7.2
Peel Region,Brampton,Great Lakes,7.2
York Region,Stouffville,Oscar Peterson,7.2
Halton Region,Milton,Our Lady of Fatima,7.2
City of Toronto,Toronto,Park Lawn,7.2
York Region,Markham,Reesor Park,7.2
Halton Region,Oakville,River Oaks,7.2
Peel Region,Mississauga,Springfield,7.2
Halton Region,Oakville,St. Bernadette,7.2
Peel Region,Mississauga,St. Christopher,7.2
Peel Region,Mississauga,St. Clare,7.2
City of Toronto,Toronto,St. Edward,7.2
York Region,Woodbridge,St. Emily,7.2
City of Toronto,Toronto,St. Gerald,7.2
Halton Region,Oakville,St. James,7.2
Peel Region,Mississauga,St. Matthew,7.2
Durham Region,Whitby,St. Matthew the Evangelist,7.2
York Region,Markham,St. Patrick,7.2
Halton Region,Milton,St. Scholastica,7.2
Halton Region,Burlington,Tom Thomson,7.2
Peel Region,Caledon,Walnut Grove,7.2
City of Toronto,Toronto,Albion Heights,7.1
York Region,Thornhill,Bakersfield,7.1
Peel Region,Mississauga,Bishop Scalabrini,7.1
City of Toronto,Toronto,Burrows Hall,7.1
Halton Region,Milton,Escarpment View,7.1
City of Toronto,Toronto,Gabrielle-Roy,7.1
City of Toronto,Toronto,Hillcrest,7.1
City of Toronto,Toronto,Humbercrest,7.1
City of Toronto,Toronto,Inglewood Heights,7.1
City of Toronto,Toronto,Joyce,7.1
Halton Region,Milton,Lumen Christi,7.1
City of Toronto,Toronto,Port Royal,7.1
City of Toronto,Toronto,Regent Heights,7.1
Peel Region,Caledon,Saint-Jean-Bosco,7.1
Durham Region,Whitby,Sir Samuel Steele,7.1
City of Toronto,Toronto,Sprucecourt,7.1
City of Toronto,Toronto,St. Bruno,7.1
Peel Region,Mississauga,St. Catherine of Siena,7.1
Peel Region,Mississauga,St. Jerome,7.1
Peel Region,Brampton,St. Josephine Bakhita,7.1
Halton Region,Milton,Tiger Jeet Singh,7.1
City of Toronto,Toronto,Banting and Best,7.0
Peel Region,Brampton,Bishop Francis Allen,7.0
York Region,Woodbridge,Blue Willow,7.0
Durham Region,Ajax,Cadarackque,7.0
Durham Region,Ajax,Carruthers Creek,7.0
York Region,Maple,Divine Mercy,7.0
City of Toronto,Toronto,Duke of Connaught,7.0
Halton Region,Oakville,Eastview,7.0
City of Toronto,Toronto,Gulfstream,7.0
Halton Region,Milton,Irma Coulson,7.0
City of Toronto,Toronto,Lynnwood Heights,7.0
Halton Region,Milton,Martin Street,7.0
Peel Region,Brampton,Mountain Ash,7.0
Peel Region,Brampton,Our Lady of Lourdes,7.0
Halton Region,Milton,P. L. Robertson,7.0
Peel Region,Brampton,Roberta Bondar,7.0
Peel Region,Brampton,Sainte-Jeanne-d'Arc,7.0
Peel Region,Mississauga,Shelter Bay,7.0
York Region,Woodbridge,St. Clare,7.0
Peel Region,Mississauga,St. Dominic,7.0
Halton Region,Oakville,St. Gregory the Great,7.0
Peel Region,Brampton,St. Jean-Marie Vianney,7.0
City of Toronto,Toronto,St. John,7.0
Durham Region,Uxbridge,St. Joseph,7.0
City of Toronto,Toronto,St. Leo,7.0
City of Toronto,Toronto,St. Margaret,7.0
Peel Region,Mississauga,St. Raymond,7.0
York Region,Newmarket,Stonehaven,7.0
Peel Region,Brampton,Treeline,7.0
Peel Region,Brampton,Whaley's Corners,7.0
York Region,Markham,Wilclay,7.0
City of Toronto,Toronto,Woburn,7.0
Peel Region,Brampton,Castle Oaks,6.9
Peel Region,Mississauga,Floradale,6.9
City of Toronto,Toronto,Heritage Park,6.9
City of Toronto,Toronto,John G Diefenbaker,6.9
City of Toronto,Toronto,Keele Street,6.9
City of Toronto,Toronto,Meadowvale,6.9
City of Toronto,Toronto,Morse Street,6.9
City of Toronto,Toronto,Niagara Street,6.9
Durham Region,Ajax,Notre-Dame-de-la-Jeunesse,6.9
City of Toronto,Toronto,Pauline,6.9
Durham Region,Pickering,Pickering,6.9
York Region,Aurora,Regency Acres,6.9
City of Toronto,Toronto,Rouge Valley,6.9
York Region,Woodbridge,St. Andrew,6.9
Peel Region,Mississauga,St. Bernadette,6.9
Durham Region,Oshawa,St. Christopher,6.9
Peel Region,Mississauga,St. Elizabeth Seton,6.9
Peel Region,Caledon,St. Evan,6.9
Durham Region,Pickering,St. Isaac Jogues,6.9
Durham Region,Oshawa,St. John Bosco,6.9
City of Toronto,Toronto,St. Louis,6.9
City of Toronto,Toronto,St. Malachy,6.9
Peel Region,Mississauga,St. Sebastian,6.9
Halton Region,Oakville,St. Vincent's,6.9
City of Toronto,Toronto,Sts Cosmas and Damian,6.9
Peel Region,Mississauga,Tecumseh,6.9
Durham Region,Ajax,Terry Fox,6.9
City of Toronto,Toronto,The Waterfront,6.9
York Region,Woodbridge,Vellore Woods,6.9
City of Toronto,Toronto,Whole Child,6.9
City of Toronto,Toronto,Agincourt,6.8
York Region,Unionville,Aldergrove,6.8
York Region,Markham,Armadale,6.8
York Region,Aurora,Aurora Heights,6.8
City of Toronto,Toronto,Bellmere,6.8
City of Toronto,Toronto,Blessed Pier Giorgio Frassati,6.8
Halton Region,Milton,Boyne,6.8
City of Toronto,Toronto,George Peck,6.8
City of Toronto,Toronto,Huron Street,6.8
City of Toronto,Toronto,Immaculate Heart of Mary,6.8
City of Toronto,Toronto,Islington,6.8
York Region,Markham,Kateri Tekakwitha,6.8
Durham Region,Ajax,Lakeside,6.8
Durham Region,Ajax,Lincoln Alexander,6.8
York Region,Markham,Little Rouge,6.8
Peel Region,Mississauga,Maingate Academy,6.8
York Region,Maple,Maple Creek,6.8
Peel Region,Brampton,McClure,6.8
York Region,Aurora,Our Lady of Grace,6.8
York Region,Concord,Our Lady of the Rosary,6.8
Halton Region,Oakville,Palermo,6.8
Durham Region,Uxbridge,Quaker Village,6.8
Peel Region,Brampton,Ross Drive,6.8
City of Toronto,Toronto,St. Boniface,6.8
City of Toronto,Toronto,St. Gabriel Lalemant,6.8
City of Toronto,Toronto,St. Lawrence,6.8
Peel Region,Mississauga,St. Luke,6.8
Peel Region,Brampton,St. Ursula,6.8
Peel Region,Mississauga,St. Valentine,6.8
City of Toronto,Toronto,Tom Longboat,6.8
Peel Region,Mississauga,Tony Pontes,6.8
City of Toronto,Toronto,William G Davis,6.8
City of Toronto,Toronto,Brimwood Boulevard,6.7
City of Toronto,Toronto,Chine Drive,6.7
City of Toronto,Toronto,Ellesmere-Statton,6.7
Halton Region,Oakville,Falgarwood,6.7
Halton Region,Burlington,Florence Meares,6.7
Durham Region,Pickering,Fr Fenelon,6.7
City of Toronto,Toronto,George B Little,6.7
Halton Region,Burlington,Glenview,6.7
York Region,Aurora,Highview,6.7
Peel Region,Brampton,Holy Spirit,6.7
Durham Region,Oshawa,John XXIII,6.7
City of Toronto,Toronto,King Edward,6.7
City of Toronto,Toronto,La Mosaïque,6.7
Peel Region,Brampton,Lester B Pearson,6.7
City of Toronto,Toronto,Macklin,6.7
City of Toronto,Toronto,Norway,6.7
City of Toronto,Toronto,Ogden,6.7
York Region,Woodbridge,Our Lady of Fatima,6.7
City of Toronto,Toronto,Our Lady of Lourdes,6.7
York Region,Woodbridge,Pine Grove,6.7
Durham Region,Whitby,Pringle Creek,6.7
Durham Region,Ajax,Roland Michener,6.7
Halton Region,Burlington,Rolling Meadows,6.7
City of Toronto,Toronto,Sacred Heart,6.7
City of Toronto,Toronto,Saint-Jean-de-Lalande,6.7
Peel Region,Mississauga,Settler's Green,6.7
Peel Region,Brampton,Shaw,6.7
Durham Region,Oshawa,Sherwood,6.7
City of Toronto,Toronto,St. Agnes,6.7
Halton Region,Milton,St. Anthony of Padua,6.7
City of Toronto,Toronto,St. Brigid,6.7
York Region,Newmarket,St. Elizabeth Seton,6.7
City of Toronto,Toronto,St. Fidelis,6.7
Peel Region,Brampton,St. Jacinta Marto,6.7
Durham Region,Oshawa,St. Kateri Tekakwitha,6.7
Durham Region,Whitby,St. Mark the Evangelist,6.7
City of Toronto,Toronto,St. Monica,6.7
City of Toronto,Toronto,St. Richard,6.7
City of Toronto,Toronto,Tam O'Shanter,6.7
York Region,Thornhill,Wilshire,6.7
City of Toronto,Toronto,Blessed Kateri Tekakwitha,6.6
City of Toronto,Toronto,Bowmore Road,6.6
York Region,Newmarket,Canadian Martyrs,6.6
Peel Region,Mississauga,Canadian Martyrs,6.6
Halton Region,Burlington,Central,6.6
City of Toronto,Toronto,Clinton Street,6.6
York Region,Newmarket,Crossland,6.6
York Region,Thornhill,E J Sand,6.6
Halton Region,Oakville,Emily Carr,6.6
York Region,Woodbridge,Forest Run,6.6
Halton Region,Oakville,Gladys Speers,6.6
City of Toronto,Toronto,Glen Park,6.6
City of Toronto,Toronto,Humewood,6.6
York Region,Markham,James Robinson,6.6
Peel Region,Mississauga,Le Flambeau,6.6
City of Toronto,Toronto,Lord Roberts,6.6
City of Toronto,Toronto,Morrish,6.6
Durham Region,Oshawa,Pierre Elliott Trudeau,6.6
Halton Region,Milton,Saint-Nicolas,6.6
City of Toronto,Toronto,St. Aidan,6.6
Durham Region,Whitby,St. Bernard,6.6
York Region,Stouffville,St. Brendan,6.6
City of Toronto,Toronto,St. Conrad,6.6
Peel Region,Mississauga,St. Hilary,6.6
City of Toronto,Toronto,St. Jerome,6.6
York Region,Aurora,St. Jerome,6.6
York Region,Newmarket,St. John Chrysostom,6.6
Peel Region,Mississauga,St. Jude,6.6
City of Toronto,Toronto,St. Luke,6.6
City of Toronto,Toronto,St. Michael,6.6
York Region,Vaughan,St. Michael the Archangel,6.6
Halton Region,Oakville,St. Michaels,6.6
Halton Region,Burlington,St. Paul,6.6
Peel Region,Mississauga,St. Richard,6.6
York Region,Woodbridge,St. Veronica,6.6
Durham Region,Oshawa,Sunset Heights,6.6
York Region,Thornhill,Bishop Scalabrini,6.5
Durham Region,Whitby,Blair Ridge,6.5
Halton Region,Burlington,Clarksdale,6.5
City of Toronto,Toronto,Dublin Heights,6.5
York Region,Vaughan,Guardian Angels,6.5
City of Toronto,Toronto,Highland Creek,6.5
City of Toronto,Toronto,J R Wilcox,6.5
York Region,Woodbridge,Johnny Lombardi,6.5
Peel Region,Brampton,Lorenville,6.5
Halton Region,Burlington,Maplehurst,6.5
Durham Region,Whitby,Robert Munsch,6.5
City of Toronto,Toronto,St. Benedict,6.5
Durham Region,Ajax,St. Catherine of Siena,6.5
Peel Region,Brampton,St. Joachim,6.5
Peel Region,Mississauga,St. Julia,6.5
Peel Region,Mississauga,St. Pio of Pietrelcina,6.5
York Region,Thornhill,St. Rene Goupil-St. Luke,6.5
Durham Region,Oshawa,Vincent Massey,6.5
York Region,Woodbridge,Woodbridge,6.5
City of Toronto,Toronto,Anson S Taylor,6.4
City of Toronto,Toronto,Birch Cliff,6.4
Durham Region,Oshawa,Corpus-Christi,6.4
York Region,Markham,Ellen Fairclough,6.4
City of Toronto,Toronto,Fairmount,6.4
Peel Region,Brampton,Father Clair Tipping,6.4
York Region,Woodbridge,Fossil Hill,6.4
City of Toronto,Toronto,Glamorgan,6.4
Durham Region,Oshawa,Gordon B Attersley,6.4
City of Toronto,Toronto,Holy Child,6.4
Peel Region,Mississauga,Holy Cross,6.4
City of Toronto,Toronto,Ionview,6.4
York Region,Markham,Legacy,6.4
City of Toronto,Toronto,McMurrich,6.4
Durham Region,Oshawa,Norman G. Powers,6.4
Halton Region,Milton,Queen of Heaven,6.4
Peel Region,Brampton,St. Alphonsa,6.4
Peel Region,Brampton,St. Angela Merici,6.4
City of Toronto,Toronto,St. Barbara,6.4
City of Toronto,Toronto,St. Dominic Savio,6.4
Peel Region,Mississauga,St. Faustina,6.4
Halton Region,Burlington,St. Gabriel,6.4
York Region,Woodbridge,St. Gabriel the Archangel,6.4
Halton Region,Burlington,St. Johns,6.4
Durham Region,Ajax,St. Josephine Bakhita,6.4
Peel Region,Brampton,St. Rita,6.4
Peel Region,Brampton,St. Stephen,6.4
Durham Region,Oshawa,College Hill,6.3
Halton Region,Burlington,Frontenac,6.3
Peel Region,Brampton,Good Shepherd,6.3
City of Toronto,Toronto,Hawthorne II Bilingual,6.3
City of Toronto,Toronto,Holy Name,6.3
City of Toronto,Toronto,James S Bell,6.3
Durham Region,Oshawa,Lakewoods,6.3
Halton Region,Oakville,Our Lady of Peace,6.3
York Region,Stouffville,Pape-François,6.3
City of Toronto,Toronto,Second Street,6.3
Peel Region,Mississauga,St. Francis of Assisi,6.3
Peel Region,Brampton,St. Isaac Jogues,6.3
City of Toronto,Toronto,St. Jean de Brebeuf,6.3
City of Toronto,Toronto,St. Nicholas,6.3
City of Toronto,Toronto,St. Timothy,6.3
Durham Region,Oshawa,Stephen G Saywell,6.3
York Region,Newmarket,Terry Fox,6.3
York Region,Maple,Teston Village,6.3
City of Toronto,Toronto,Alexander Muir/Gladstone Ave,6.2
York Region,Maple,Anne Frank,6.2
City of Toronto,Toronto,Blantyre,6.2
City of Toronto,Toronto,Charlottetown,6.2
Peel Region,Brampton,Father Michael McGivney,6.2
City of Toronto,Toronto,Fern Avenue,6.2
City of Toronto,Toronto,Ledbury Park,6.2
York Region,Markham,Markham Gateway,6.2
Durham Region,Ajax,St. Bernadette,6.2
Peel Region,Brampton,St. Daniel Comboni,6.2
City of Toronto,Toronto,St. Thomas Aquinas,6.2
City of Toronto,Toronto,St. Thomas More,6.2
City of Toronto,Toronto,St. Victor,6.2
Durham Region,Pickering,St. Wilfrid,6.2
York Region,Newmarket,Stuart Scott,6.2
City of Toronto,Toronto,Timberbank,6.2
Halton Region,Milton,Viola Desmond,6.2
Durham Region,Oshawa,Adelaide Mclaughlin,6.1
Peel Region,Brampton,Aylesbury,6.1
York Region,Thornhill,Brownridge,6.1
Peel Region,Caledon,Fairlawn,6.1
Peel Region,Brampton,Father C W Sullivan,6.1
York Region,Maple,Father John Kelly,6.1
City of Toronto,Toronto,Heather Heights,6.1
Halton Region,Burlington,Lakeshore,6.1
City of Toronto,Toronto,Lanor,6.1
Peel Region,Mississauga,McBride Avenue,6.1
City of Toronto,Toronto,North Bendale,6.1
City of Toronto,Toronto,Our Lady of Grace,6.1
City of Toronto,Toronto,Pauline Johnson,6.1
Peel Region,Mississauga,Queenston Drive,6.1
City of Toronto,Toronto,Rockford,6.1
City of Toronto,Toronto,Scarborough Sud,6.1
City of Toronto,Toronto,Silver Springs,6.1
Peel Region,Brampton,St. Aidan,6.1
City of Toronto,Toronto,St. Antoine Daniel,6.1
City of Toronto,Toronto,St. Edmund Campion,6.1
City of Toronto,Toronto,St. Kevin,6.1
Peel Region,Mississauga,St. Margaret of Scotland,6.1
City of Toronto,Toronto,St. Simon,6.1
Peel Region,Brampton,Thorndale,6.1
Peel Region,Brampton,Tribune Drive,6.1
City of Toronto,Toronto,Adam Beck,6.0
City of Toronto,Toronto,Beaumonde Heights,6.0
Halton Region,Burlington,Bruce T Lindley,6.0
Halton Region,Milton,Bruce Trail,6.0
City of Toronto,Toronto,Church Street,6.0
York Region,Aurora,Devins Drive,6.0
Peel Region,Brampton,Dolson,6.0
Durham Region,Oshawa,Harmony Heights,6.0
Halton Region,Oakville,Holy Family,6.0
City of Toronto,Toronto,Maple Leaf,6.0
City of Toronto,Toronto,Our Lady of Fatima,6.0
Peel Region,Brampton,Robert J Lee,6.0
City of Toronto,Toronto,Roden,6.0
Halton Region,Burlington,Sir Ernest Macmillan,6.0
City of Toronto,Toronto,St. Agatha,6.0
City of Toronto,Toronto,St. Anthony,6.0
Durham Region,Ajax,St. Jude,6.0
York Region,Stouffville,St. Mark,6.0
York Region,Maple,St. Raphael the Archangel,6.0
Durham Region,Ajax,Applecroft,5.9
City of Toronto,Toronto,Cedar Drive,5.9
Durham Region,Oshawa,Coronation,5.9
Peel Region,Mississauga,Corpus Christi,5.9
City of Toronto,Toronto,Corvette,5.9
Peel Region,Mississauga,Forest Avenue,5.9
City of Toronto,Toronto,Glen Ravine,5.9
York Region,Newmarket,Good Shepherd,5.9
York Region,Maple,Holy Jubilee,5.9
Durham Region,Whitby,Jean-Paul II,5.9
City of Toronto,Toronto,Jesse Ketchum,5.9
City of Toronto,Toronto,Leslieville,5.9
City of Toronto,Toronto,Malvern,5.9
City of Toronto,Toronto,Maryvale,5.9
Peel Region,Brampton,St. Anne,5.9
City of Toronto,Toronto,St. Joachim,5.9
Halton Region,Oakville,St. Joan of Arc,5.9
City of Toronto,Toronto,St. John the Evangelist,5.9
City of Toronto,Toronto,St. Mary,5.9
York Region,Woodbridge,St. Peter,5.9
City of Toronto,Toronto,St. Raphael,5.9
City of Toronto,Toronto,Annette Street,5.8
City of Toronto,Toronto,Avondale,5.8
City of Toronto,Toronto,Berner Trail,5.8
Peel Region,Mississauga,Christ The King,5.8
Durham Region,Oshawa,Dr S J Phillips,5.8
Peel Region,Mississauga,Father Daniel Zanon,5.8
Durham Region,Oshawa,Father Joseph Venini,5.8
Durham Region,Whitby,Glen Dhu,5.8
City of Toronto,Toronto,Guildwood,5.8
Halton Region,Milton,Hawthorne Village,5.8
City of Toronto,Toronto,James Culnan,5.8
Peel Region,Brampton,Our Lady of Providence,5.8
Peel Region,Mississauga,René-Lamoureux,5.8
City of Toronto,Toronto,Rose Avenue,5.8
Durham Region,Oshawa,Sir Albert Love,5.8
Durham Region,Pickering,Sir John A Macdonald,5.8
Peel Region,Mississauga,St. Basil,5.8
Halton Region,Burlington,St. Elizabeth Seton,5.8
City of Toronto,Toronto,St. John Vianney,5.8
City of Toronto,Toronto,St. Maria Goretti,5.8
City of Toronto,Toronto,St. Paschal Baylon,5.8
City of Toronto,Toronto,Terraview-Willowfield,5.8
York Region,Newmarket,Armitage Village,5.7
York Region,Stouffville,Ballantrae,5.7
Durham Region,Whitby,Bellwood,5.7
City of Toronto,Toronto,Donwood Park,5.7
Durham Region,Pickering,Glengrove,5.7
City of Toronto,Toronto,Grey Owl,5.7
Peel Region,Brampton,Our Lady of Peace,5.7
City of Toronto,Toronto,Regal Road,5.7
City of Toronto,Toronto,Regina Mundi,5.7
York Region,Newmarket,Rogers,5.7
Durham Region,Whitby,Sir William Stephenson,5.7
Peel Region,Brampton,St. Brigid,5.7
York Region,Woodbridge,St. Catherine of Siena,5.7
York Region,Maple,St. David,5.7
Peel Region,Mississauga,St. Joseph,5.7
Peel Region,Brampton,St. Monica,5.7
City of Toronto,Toronto,St. Norbert,5.7
Durham Region,Ajax,Viola Desmond,5.7
Peel Region,Caledon,Alloa,5.6
City of Toronto,Toronto,Blessed John XXIII,5.6
Durham Region,Whitby,C E Broughton,5.6
York Region,Newmarket,Clearmeadow,5.6
Peel Region,Brampton,Countryside Village,5.6
City of Toronto,Toronto,Danforth Gardens,5.6
City of Toronto,Toronto,Earl Beatty,5.6
Peel Region,Brampton,Father Francis McSpiritt,5.6
Durham Region,Oshawa,Forest View,5.6
City of Toronto,Toronto,General Crerar,5.6
City of Toronto,Toronto,George Webster,5.6
City of Toronto,Toronto,Holy Cross,5.6
City of Toronto,Toronto,J G Workman,5.6
City of Toronto,Toronto,Kane,5.6
York Region,Aurora,Light of Christ,5.6
City of Toronto,Toronto,Norman Cook,5.6
York Region,Aurora,Northern Lights,5.6
Halton Region,Burlington,Saint-Philippe,5.6
City of Toronto,Toronto,St. Alphonsus,5.6
Halton Region,Burlington,St. Marks,5.6
City of Toronto,Toronto,St. Paul,5.6
City of Toronto,Toronto,West Humber,5.6
Durham Region,Ajax,Alexander Graham Bell,5.5
City of Toronto,Toronto,Faywood Arts,5.5
City of Toronto,Toronto,Holy Family,5.5
York Region,Woodbridge,Immaculate Conception,5.5
Durham Region,Ajax,Lord Elgin,5.5
City of Toronto,Toronto,North Kipling,5.5
City of Toronto,Toronto,Our Lady of Guadalupe,5.5
City of Toronto,Toronto,Roselands,5.5
York Region,Woodbridge,San Marco,5.5
City of Toronto,Toronto,St. Bernard,5.5
Peel Region,Brampton,St. Cecilia,5.5
Peel Region,Brampton,St. Francis Xavier,5.5
Peel Region,Mississauga,St. Herbert,5.5
City of Toronto,Toronto,St. Joseph,5.5
Durham Region,Pickering,St. Monica,5.5
City of Toronto,Toronto,William Tredway,5.5
City of Toronto,Toronto,Bruce,5.4
Durham Region,Whitby,Dr Robert Thornton,5.4
City of Toronto,Toronto,Elmbank,5.4
City of Toronto,Toronto,F H Miller,5.4
Peel Region,Brampton,Georges Vanier,5.4
City of Toronto,Toronto,John A Leslie,5.4
City of Toronto,Toronto,Our Lady of the Assumption,5.4
City of Toronto,Toronto,Precious Blood,5.4
City of Toronto,Toronto,Sainte-Madeleine,5.4
Durham Region,Oshawa,Seneca Trail,5.4
City of Toronto,Toronto,St. Charles Garnier,5.4
City of Toronto,Toronto,St. Helen,5.4
Peel Region,Mississauga,St. Teresa of Avila,5.4
Peel Region,Mississauga,St. Vincent de Paul,5.4
City of Toronto,Toronto,West Rouge,5.4
Halton Region,Oakville,Abbey Lane,5.3
City of Toronto,Toronto,Africentric Alternative,5.3
Peel Region,Brampton,Cardinal Newman,5.3
Peel Region,Brampton,Guardian Angels,5.3
City of Toronto,Toronto,Holy Angels,5.3
Halton Region,Burlington,Holy Rosary,5.3
Durham Region,Ajax,Lincoln Avenue,5.3
Peel Region,Mississauga,St. Alfred,5.3
Peel Region,Brampton,St. André Bessette,5.3
City of Toronto,Toronto,St. Bede,5.3
City of Toronto,Toronto,St. Gabriel,5.3
Durham Region,Ajax,St. James,5.3
Durham Region,Ajax,Westney Heights,5.3
Peel Region,Mississauga,All Saints,5.2
Durham Region,Pickering,Bayview Heights,5.2
Durham Region,Ajax,Bolton C Falby,5.2
Durham Region,Ajax,Duffin's Bay,5.2
Halton Region,Milton,Sam Sherratt,5.2
City of Toronto,Toronto,St. Francis Xavier,5.2
Durham Region,Oshawa,St. Joseph,5.2
City of Toronto,Toronto,St. Jude,5.2
City of Toronto,Toronto,St. Margaret's,5.2
Halton Region,Burlington,St. Patrick,5.2
Peel Region,Mississauga,St. Raphael,5.2
Durham Region,Oshawa,St. Thomas Aquinas,5.2
City of Toronto,Toronto,William G Miller,5.2
City of Toronto,Toronto,Birch Cliff Heights,5.1
City of Toronto,Toronto,Blessed Margherita of Citta Castello,5.1
Peel Region,Mississauga,Elm Drive,5.1
City of Toronto,Toronto,John McCrae,5.1
Peel Region,Mississauga,Mary Fix,5.1
Peel Region,Mississauga,Metropolitan Andrei,5.1
City of Toronto,Toronto,Rawlinson,5.1
City of Toronto,Toronto,St. Albert,5.1
City of Toronto,Toronto,St. Dunstan,5.1
Durham Region,Ajax,St. Francis de Sales,5.1
City of Toronto,Toronto,St. Roch,5.1
Durham Region,Whitby,St. Theresa,5.1
City of Toronto,Toronto,St. Theresa Shrine,5.1
York Region,Thornhill,Westminster,5.1
City of Toronto,Toronto,Wexford,5.1
City of Toronto,Toronto,Blake Street,5.0
City of Toronto,Toronto,Galloway Road,5.0
City of Toronto,Toronto,General Brock,5.0
City of Toronto,Toronto,Highcastle,5.0
City of Toronto,Toronto,Lord Dufferin,5.0
City of Toronto,Toronto,R J Lang,5.0
City of Toronto,Toronto,Scarborough Village,5.0
City of Toronto,Toronto,St. Andre,5.0
York Region,Stouffville,St. Brigid,5.0
Durham Region,Pickering,St. Elizabeth Seton,5.0
City of Toronto,Toronto,St. Elizabeth Seton,5.0
Peel Region,Mississauga,St. Gerard,5.0
City of Toronto,Toronto,St. Matthew,5.0
City of Toronto,Toronto,St. Stephen,5.0
City of Toronto,Toronto,Cardinal Leger,4.9
Durham Region,Oshawa,Mary Street Community,4.9
Peel Region,Mississauga,St. Charles Garnier,4.9
City of Toronto,Toronto,St. Eugene,4.9
City of Toronto,Toronto,St. Francis de Sales,4.9
Peel Region,Brampton,St. Lucy,4.9
Peel Region,Brampton,St. Marguerite Bourgeoys,4.9
Halton Region,Burlington,Tecumseh,4.9
Durham Region,Oshawa,Waverly,4.9
York Region,Newmarket,Glen Cedar,4.8
Peel Region,Brampton,Mount Pleasant Village,4.8
Peel Region,Brampton,St. Bonaventure,4.8
City of Toronto,Toronto,St. Martha,4.8
City of Toronto,Toronto,Valleyfield,4.8
Durham Region,Oshawa,Clara Hughes,4.7
Durham Region,Oshawa,David Bouchard,4.7
City of Toronto,Toronto,Epiphany of our Lord,4.7
Durham Region,Pickering,Fairport Beach,4.7
City of Toronto,Toronto,Gateway,4.7
City of Toronto,Toronto,Greenholme,4.7
City of Toronto,Toronto,Market Lane,4.7
City of Toronto,Toronto,Pope Paul,4.7
City of Toronto,Toronto,St. Dorothy,4.7
City of Toronto,Toronto,St. Francis of Assisi,4.7
City of Toronto,Toronto,St. Wilfrid,4.7
City of Toronto,Toronto,Stella Maris,4.7
City of Toronto,Toronto,Cliffside,4.6
City of Toronto,Toronto,Cordella,4.6
City of Toronto,Toronto,Dovercourt,4.6
Durham Region,Ajax,Dr Roberta Bondar,4.6
City of Toronto,Toronto,Immaculate Conception,4.6
City of Toronto,Toronto,Maison Montessori,4.6
York Region,Newmarket,Meadowbrook,4.6
Halton Region,Milton,Our Lady of Victory,4.6
City of Toronto,Toronto,Perth Avenue,4.6
York Region,Newmarket,Prince Charles,4.6
City of Toronto,Toronto,Ryerson,4.6
City of Toronto,Toronto,St. John Bosco,4.6
City of Toronto,Toronto,St. Rose of Lima,4.6
City of Toronto,Toronto,St. Ursula,4.6
City of Toronto,Toronto,Warren Park,4.6
Durham Region,Oshawa,Woodcrest,4.6
City of Toronto,Toronto,D'Arcy McGee,4.5
City of Toronto,Toronto,Fairbank,4.5
City of Toronto,Toronto,Golf Road,4.5
City of Toronto,Toronto,St. Catherine,4.5
City of Toronto,Toronto,St. Jane Frances,4.5
Peel Region,Brampton,St. Leonard,4.5
Peel Region,Brampton,St. Patrick,4.5
City of Toronto,Toronto,Dixon Grove,4.4
City of Toronto,Toronto,Mason Road,4.4
Peel Region,Mississauga,Miller's Grove,4.4
Halton Region,Burlington,Mohawk Gardens,4.4
City of Toronto,Toronto,Queen Victoria,4.4
Peel Region,Brampton,Sacred Heart,4.4
City of Toronto,Toronto,St. Augustine,4.4
Peel Region,Brampton,St. John Fisher,4.4
City of Toronto,Toronto,St. Marcellus,4.4
City of Toronto,Toronto,St. Martin de Porres,4.4
City of Toronto,Toronto,Walter Perry,4.4
Durham Region,Oshawa,Bobby Orr,4.3
Peel Region,Mississauga,Cashmere Avenue,4.3
City of Toronto,Toronto,Dorset Park,4.3
Durham Region,Oshawa,Dr C F Cannon,4.3
City of Toronto,Toronto,du Sacré-Coeur,4.3
City of Toronto,Toronto,Grenoble,4.3
City of Toronto,Toronto,Nelson Mandela Park,4.3
Durham Region,Oshawa,Queen Elizabeth,4.3
City of Toronto,Toronto,St. Andrew,4.3
Durham Region,Whitby,St. Marguerite d'Youville,4.3
City of Toronto,Toronto,The Elms,4.3
Durham Region,Whitby,West Lynde,4.3
Durham Region,Oshawa,Beau Valley,4.2
City of Toronto,Toronto,Clairlea,4.2
Halton Region,Burlington,Pauline Johnson,4.2
Peel Region,Brampton,St. Anthony,4.2
City of Toronto,Toronto,Warden Avenue,4.2
City of Toronto,Toronto,Carleton Village,4.1
Peel Region,Mississauga,Hillside,4.1
City of Toronto,Toronto,Joseph Brant,4.1
Halton Region,Burlington,Kings Road,4.1
Peel Region,Brampton,St. Maria Goretti,4.1
City of Toronto,Toronto,Alexander Stirling,4.0
City of Toronto,Toronto,H A Halbert,4.0
City of Toronto,Toronto,Msgr John Corrigan,4.0
Peel Region,Mississauga,Plowman's Park,4.0
City of Toronto,Toronto,St. Charles,4.0
Durham Region,Oshawa,Glen Street,3.9
Peel Region,Brampton,St. Mary,3.9
City of Toronto,Toronto,Willow Park,3.9
York Region,Newmarket,Maple Leaf,3.8
City of Toronto,Toronto,St. Nicholas of Bari,3.8
City of Toronto,Toronto,West Hill,3.8
Halton Region,Burlington,Brant Hills,3.7
City of Toronto,Toronto,Chester Le,3.7
Durham Region,Oshawa,Monsignor Philip Coffey,3.7
Halton Region,Oakville,Montclair,3.7
City of Toronto,Toronto,Santa Maria,3.7
City of Toronto,Toronto,St. Florence,3.7
City of Toronto,Toronto,Portage Trail Junior Community,3.6
City of Toronto,Toronto,Chief Dan George,3.5
York Region,Newmarket,Denne,3.5
City of Toronto,Toronto,Knob Hill,3.5
City of Toronto,Toronto,Lynngate,3.5
City of Toronto,Toronto,Holy Spirit,3.4
City of Toronto,Toronto,Military Trail,3.4
City of Toronto,Toronto,Edgewood,3.3
Peel Region,Brampton,Our Lady of Fatima,3.3
Peel Region,Brampton,St. John Bosco,3.3
City of Toronto,Toronto,Blessed Trinity,3.2
City of Toronto,Toronto,Parkdale,3.2
City of Toronto,Toronto,Charles E Webster,3.1
City of Toronto,Toronto,Highland Heights,3.1
City of Toronto,Toronto,Our Lady of Victory,3.1
Peel Region,Brampton,Pauline Vanier,3.1
City of Toronto,Toronto,Keelesdale,3.0
Peel Region,Brampton,Sir Winston Churchill,3.0
City of Toronto,Toronto,St. James,3.0
City of Toronto,Toronto,Eastview,2.8
City of Toronto,Toronto,St. Angela,2.8
Durham Region,Oshawa,Village Union,2.8
City of Toronto,Toronto,Essex,2.7
Peel Region,Mississauga,Riverside,2.7
Peel Region,Mississauga,Maple Wood,2.6
City of Toronto,Toronto,Lucy Maud Montgomery,2.5
Peel Region,Brampton,St. Joseph,2.3
City of Toronto,Toronto,General Mercer,2.1
City of Toronto,Toronto,St. Columba,1.9
City of Toronto,Toronto,Lambton Park,1.6
City of Toronto,Toronto,First Nations School of Toronto,0.0
City of Toronto,Toronto,Harwood,0.0
